A_end_ratio,A_placement,A_start_ratio,A_type,A_word_count,B_end_ratio,B_placement,B_start_ratio,B_type,B_word_count,C_end_ratio,C_placement,C_start_ratio,C_type,C_word_count,D_end_ratio,D_placement,D_start_ratio,D_type,D_word_count,clause_count,correct_answer,correct_span_type,correct_span_word_count,correction_locality,correction_token_count,correction_token_count_status,dataset,decision_granularity,error_location_existing,error_scope,error_span_type_existing,gap_A_B,gap_B_C,gap_C_D,gap_overlap_detected,marked_coverage_ratio,marked_part_A_word_count,marked_part_B_word_count,marked_part_C_word_count,marked_part_D_word_count,marked_token_total,marked_unique_token_count,max_marked_span_length,mean_marked_span_length,min_marked_span_length,minimal_correction,primary_target,question_number,sentence_word_count,sentence_word_count_remeasured,sentence_word_count_remeasurement_delta,source_id,span_position_method,span_spacing_method,subtype,test,tested_error_type,unmarked_word_count
0.1111,sentence_initial,0.0556,SINGLE_WORD,1,0.3333,early,0.2778,SINGLE_WORD,1,0.7778,middle,0.5556,SHORT_PHRASE,4,0.8889,late,0.8333,SINGLE_WORD,1,2,D,SINGLE_WORD,1,DEPENDENCY_BASED,2,parsed_replacement,official,FUNCTION_WORD,sentence_final,local,pronoun,3,4,1,False,0.3889,1,1,4,1,7,7,4,1.75,1,change 'hers' to 'her',REFERENCE_AND_DETERMINERS,16,18,18,0,Practice Test B,ordered-PDF-geometry approximation; official PDF text layer has no reliable token offsets,ordered span anchors converted to token-index approximations,absolute possessive pronoun used where a possessive determiner is required (hers vs. her before a noun),B,incorrect_part_of_speech,11
0.1176,sentence_initial,0.0588,SINGLE_WORD,1,0.3529,early,0.2941,SINGLE_WORD,1,0.6471,middle,0.5294,SHORT_PHRASE,2,0.8824,late,0.8235,SINGLE_WORD,1,1,C,SHORT_PHRASE,2,LOCAL_SHORT_SPAN,3,parsed_replacement,official,WORD_ORDER,middle,local,verb_phrase,3,3,3,False,0.2941,1,1,2,1,5,5,2,1.25,1,change 'sold is' to 'is sold',VERB_FORM_VOICE,17,17,17,0,Practice Test B,ordered-PDF-geometry approximation; official PDF text layer has no reliable token offsets,ordered span anchors converted to token-index approximations,"passive voice auxiliary-participle word order (is sold, not sold is)",B,wrong_word_order,12
0.0909,sentence_initial,0.0455,SINGLE_WORD,1,0.3636,early,0.2727,SHORT_PHRASE,2,0.5909,middle,0.5455,SINGLE_WORD,1,0.9091,late,0.8182,SHORT_PHRASE,2,2,D,SHORT_PHRASE,2,LOCAL_SHORT_SPAN,3,parsed_replacement,official,CLAUSE_RELATION,sentence_final,local,conjunction,4,4,5,False,0.2727,1,2,1,2,6,6,2,1.5,1,change 'instead than' to 'rather than',CONNECTORS_CONJUNCTIONS,18,22,22,0,Practice Test B,ordered-PDF-geometry approximation; official PDF text layer has no reliable token offsets,ordered span anchors converted to token-index approximations,comparative exclusion phrase 'rather than' vs. ungrammatical 'instead than',B,wrong_preposition_collocation,16
0.1111,sentence_initial,0.0556,SINGLE_WORD,1,0.3889,early,0.2778,SHORT_PHRASE,2,0.6111,middle,0.5556,SINGLE_WORD,1,0.8889,late,0.7778,SHORT_PHRASE,2,1,D,SHORT_PHRASE,2,LOCAL_SHORT_SPAN,4,parsed_replacement,official,VERB_FRAME,late,local,infinitive_phrase,3,3,3,False,0.3333,1,2,1,2,6,6,2,1.5,1,change 'to studying' to 'to study',NONFINITE_VERB_PHRASES,19,18,18,0,Practice Test B,ordered-PDF-geometry approximation; official PDF text layer has no reliable token offsets,ordered span anchors converted to token-index approximations,"infinitive of purpose required instead of gerund after 'to' (to study, not to studying)",B,wrong_verb_form,12
0.0952,sentence_initial,0.0476,SINGLE_WORD,1,0.3333,early,0.2857,SINGLE_WORD,1,0.619,middle,0.5714,SINGLE_WORD,1,0.8571,late,0.8095,SINGLE_WORD,1,2,D,SINGLE_WORD,1,SEMANTIC_OR_CONTEXT_DEPENDENT,2,parsed_replacement,official,OTHER,late,sentence_level,relative_marker,4,5,4,False,0.1905,1,1,1,1,4,4,1,1,1,change 'who' to 'which',RELATIVE_CLAUSES,20,21,21,0,Practice Test B,ordered-PDF-geometry approximation; official PDF text layer has no reliable token offsets,ordered span anchors converted to token-index approximations,relative pronoun choice (who vs. which) for a non-human antecedent,B,incorrect_relative_marker,17
0.1364,sentence_initial,0.0455,CLAUSE_OR_CLAUSE_LIKE,2,0.3182,early,0.2727,SINGLE_WORD,1,0.5909,middle,0.5455,SINGLE_WORD,1,0.8636,late,0.8182,SINGLE_WORD,1,1,A,CLAUSE_OR_CLAUSE_LIKE,2,LOCAL_SHORT_SPAN,3,parsed_replacement,official,VERB_FRAME,sentence_initial,sentence_level,verb_phrase,3,5,5,False,0.2273,2,1,1,1,5,5,2,1.25,1,change 'Was opened' to 'Opened',NONFINITE_VERB_PHRASES,21,22,22,0,Practice Test B,ordered-PDF-geometry approximation; official PDF text layer has no reliable token offsets,ordered span anchors converted to token-index approximations,"finite passive verb used where a reduced passive participial phrase is required (Opened, not Was opened)",B,wrong_verb_form,17
0.0833,sentence_initial,0.0417,SINGLE_WORD,1,0.375,early,0.2917,SHORT_PHRASE,2,0.625,middle,0.5417,SHORT_PHRASE,2,0.875,late,0.7917,SHORT_PHRASE,2,2,D,SHORT_PHRASE,2,LOCAL_SHORT_SPAN,3,parsed_replacement,official,VERB_FRAME,sentence_final,local,infinitive_phrase,5,4,4,False,0.2917,1,2,2,2,7,7,2,1.75,1,change 'to own' to 'owning',NONFINITE_VERB_PHRASES,22,24,24,0,Practice Test B,ordered-PDF-geometry approximation; official PDF text layer has no reliable token offsets,ordered span anchors converted to token-index approximations,"gerund required after the verb 'enjoy' (owning, not to own)",B,wrong_verb_form,17
0.125,sentence_initial,0.0625,SINGLE_WORD,1,0.375,early,0.3125,SINGLE_WORD,1,0.625,middle,0.5625,SINGLE_WORD,1,0.875,late,0.8125,SINGLE_WORD,1,2,A,SINGLE_WORD,1,LOCAL_SINGLE_TOKEN,2,parsed_replacement,official,CLAUSE_RELATION,sentence_initial,local,adjective,3,3,3,False,0.25,1,1,1,1,4,4,1,1,1,change 'Alike' to 'Like',CONNECTORS_CONJUNCTIONS,23,16,16,0,Practice Test B,ordered-PDF-geometry approximation; official PDF text layer has no reliable token offsets,ordered span anchors converted to token-index approximations,comparison preposition 'like' vs. predicate adjective 'alike',B,incorrect_part_of_speech,12
0.125,sentence_initial,0.0625,SINGLE_WORD,1,0.4375,early,0.3125,SHORT_PHRASE,2,0.625,middle,0.5625,SINGLE_WORD,1,0.875,late,0.8125,SINGLE_WORD,1,1,B,SHORT_PHRASE,2,LOCAL_SHORT_SPAN,3,parsed_replacement,official,MORPHOLOGY,middle,local,comparative_marker,3,2,3,False,0.3125,1,2,1,1,5,5,2,1.25,1,change 'most lowest' to 'lowest',COMPARATIVES_DEGREE,24,16,16,0,Practice Test B,ordered-PDF-geometry approximation; official PDF text layer has no reliable token offsets,ordered span anchors converted to token-index approximations,double superlative marking (most lowest) with an already-superlative irregular form,B,extraneous_element,11
0.1176,sentence_initial,0.0588,SINGLE_WORD,1,0.4118,early,0.2941,SHORT_PHRASE,2,0.5882,middle,0.5294,SINGLE_WORD,1,0.9412,sentence_final,0.8235,SHORT_PHRASE,2,1,C,SINGLE_WORD,1,DEPENDENCY_BASED,2,parsed_replacement,official,FUNCTION_WORD,late,local,pronoun,3,2,4,False,0.3529,1,2,1,2,6,6,2,1.5,1,change 'it' to 'its',REFERENCE_AND_DETERMINERS,25,17,17,0,Practice Test B,ordered-PDF-geometry approximation; official PDF text layer has no reliable token offsets,ordered span anchors converted to token-index approximations,possessive determiner required before a noun (its vs. it),B,incorrect_part_of_speech,11
0.1667,early,0.0833,SINGLE_WORD,1,0.3333,early,0.25,SINGLE_WORD,1,0.75,middle,0.5833,SHORT_PHRASE,2,0.9167,late,0.8333,SINGLE_WORD,1,1,C,SHORT_PHRASE,2,LOCAL_SHORT_SPAN,2,parsed_replacement,official,VERB_FRAME,late,local,gerund_phrase,1,3,1,False,0.4167,1,1,2,1,5,5,2,1.25,1,change 'escape' to 'escaping',NONFINITE_VERB_PHRASES,26,12,12,0,Practice Test B,ordered-PDF-geometry approximation; official PDF text layer has no reliable token offsets,ordered span anchors converted to token-index approximations,"gerund required after preposition 'from' (escaping, not escape)",B,wrong_verb_form,7
0.0952,sentence_initial,0.0476,SINGLE_WORD,1,0.3333,early,0.2857,SINGLE_WORD,1,0.6667,middle,0.5714,SHORT_PHRASE,2,0.8571,late,0.8095,SINGLE_WORD,1,2,B,SINGLE_WORD,1,LOCAL_SINGLE_TOKEN,2,parsed_replacement,official,VERB_FRAME,early,local,verb_phrase,4,5,3,False,0.2381,1,1,2,1,5,5,2,1.25,1,change 'value' to 'valued',VERB_FORM_VOICE,27,21,21,0,Practice Test B,ordered-PDF-geometry approximation; official PDF text layer has no reliable token offsets,ordered span anchors converted to token-index approximations,"passive voice requires a past participle after 'be' (valued, not value)",B,wrong_verb_form,16
0.0833,sentence_initial,0.0417,SINGLE_WORD,1,0.3333,early,0.2917,SINGLE_WORD,1,0.5833,middle,0.5417,SINGLE_WORD,1,0.8333,late,0.7917,SINGLE_WORD,1,1,B,SINGLE_WORD,1,DEPENDENCY_BASED,2,parsed_replacement,official,FUNCTION_WORD,middle,local,noun_phrase,5,5,5,False,0.1667,1,1,1,1,4,4,1,1,1,change 'collection' to 'collections',REFERENCE_AND_DETERMINERS,28,24,24,0,Practice Test B,ordered-PDF-geometry approximation; official PDF text layer has no reliable token offsets,ordered span anchors converted to token-index approximations,plural noun required after cardinal number 'three',B,agreement_error,20
0.2222,sentence_initial,0.0556,CLAUSE_OR_CLAUSE_LIKE,3,0.3333,early,0.2778,SINGLE_WORD,1,0.7222,middle,0.5556,CLAUSE_OR_CLAUSE_LIKE,3,0.8333,late,0.7778,SINGLE_WORD,1,1,A,CLAUSE_OR_CLAUSE_LIKE,3,CLAUSE_LEVEL,2,parsed_replacement,official,OTHER,early,clause_level,verb_phrase,1,4,1,False,0.4444,3,1,3,1,8,8,3,2,1,change 'protect' to 'protection',PARALLEL_STRUCTURE,29,18,18,0,Practice Test B,ordered-PDF-geometry approximation; official PDF text layer has no reliable token offsets,ordered span anchors converted to token-index approximations,"parallel nouns in a three-item coordinate subject list (protection, not protect)",B,incorrect_part_of_speech,10
0.087,sentence_initial,0.0435,SINGLE_WORD,1,0.3478,early,0.3043,SINGLE_WORD,1,0.6087,middle,0.5652,SINGLE_WORD,1,0.8261,late,0.7826,SINGLE_WORD,1,2,C,SINGLE_WORD,1,LOCAL_SINGLE_TOKEN,2,parsed_replacement,official,MORPHOLOGY,late,local,adverb,5,5,4,False,0.1739,1,1,1,1,4,4,1,1,1,change 'recently' to 'recent',WORD_CLASS_FORM,30,23,23,0,Practice Test B,ordered-PDF-geometry approximation; official PDF text layer has no reliable token offsets,ordered span anchors converted to token-index approximations,"adjective required to modify a noun (recent surge), not adverb form (recently)",B,incorrect_part_of_speech,19
0.24,sentence_initial,0.08,CLAUSE_OR_CLAUSE_LIKE,4,0.36,early,0.28,CLAUSE_OR_CLAUSE_LIKE,2,0.6,middle,0.56,SINGLE_WORD,1,0.84,late,0.8,SINGLE_WORD,1,1,C,SINGLE_WORD,1,CLAUSE_LEVEL,2,parsed_replacement,official,VERB_FRAME,sentence_final,clause_level,verb_phrase,1,5,5,False,0.32,4,2,1,1,8,8,4,2,1,change 'solved' to 'solve',VERB_COMPLEMENTATION,31,25,25,0,Practice Test B,ordered-PDF-geometry approximation; official PDF text layer has no reliable token offsets,ordered span anchors converted to token-index approximations,"bare infinitive required after 'help + object' (help...solve, not solved)",B,wrong_verb_form,17
0.1176,sentence_initial,0.0588,SINGLE_WORD,1,0.3529,early,0.2941,SINGLE_WORD,1,0.5882,middle,0.5294,SINGLE_WORD,1,0.9412,sentence_final,0.8235,SHORT_PHRASE,2,2,A,SINGLE_WORD,1,LOCAL_SINGLE_TOKEN,2,parsed_replacement,official,VERB_FRAME,middle,local,adverb,3,3,4,False,0.2941,1,1,1,2,5,5,2,1.25,1,change 'evidently' to 'evident',VERB_COMPLEMENTATION,32,17,17,0,Practice Test B,ordered-PDF-geometry approximation; official PDF text layer has no reliable token offsets,ordered span anchors converted to token-index approximations,"predicate adjective required after linking verb 'be' (evident, not adverb evidently)",B,incorrect_part_of_speech,12
0.1818,early,0.0909,SINGLE_WORD,1,0.3636,early,0.2727,SINGLE_WORD,1,0.7273,middle,0.5455,SHORT_PHRASE,2,0.9091,late,0.8182,SINGLE_WORD,1,1,B,SINGLE_WORD,1,LOCAL_SINGLE_TOKEN,2,parsed_replacement,official,VERB_FRAME,early,local,prepositional_phrase,1,2,1,False,0.4545,1,1,2,1,5,5,2,1.25,1,change 'of' to 'from',VERB_COMPLEMENTATION,33,11,11,0,Practice Test B,ordered-PDF-geometry approximation; official PDF text layer has no reliable token offsets,ordered span anchors converted to token-index approximations,"verb + preposition collocation ('benefit from', not 'benefit of')",B,wrong_preposition_collocation,6
0.1481,sentence_initial,0.0741,SHORT_PHRASE,2,0.3704,early,0.2963,SHORT_PHRASE,2,0.5926,middle,0.5556,SINGLE_WORD,1,0.8889,late,0.8148,SHORT_PHRASE,2,1,D,SHORT_PHRASE,2,LOCAL_SHORT_SPAN,2,parsed_replacement,official,MORPHOLOGY,sentence_final,local,adjective,4,5,6,False,0.2593,2,2,1,2,7,7,2,1.75,1,change 'fifteen' to 'fifteenth',WORD_CLASS_FORM,34,27,27,0,Practice Test B,ordered-PDF-geometry approximation; official PDF text layer has no reliable token offsets,ordered span anchors converted to token-index approximations,"ordinal number required in a century expression (fifteenth, not cardinal fifteen)",B,incorrect_part_of_speech,20
0.1053,sentence_initial,0.0526,SINGLE_WORD,1,0.4211,early,0.3158,CLAUSE_OR_CLAUSE_LIKE,2,0.5789,middle,0.5263,SINGLE_WORD,1,0.8421,late,0.7895,SINGLE_WORD,1,2,D,SINGLE_WORD,1,CLAUSE_LEVEL,2,parsed_replacement,official,FUNCTION_WORD,sentence_final,clause_level,pronoun,4,2,4,False,0.2632,1,2,1,1,5,5,2,1.25,1,change 'them' to 'those',REFERENCE_AND_DETERMINERS,35,19,19,0,Practice Test B,ordered-PDF-geometry approximation; official PDF text layer has no reliable token offsets,ordered span anchors converted to token-index approximations,"demonstrative pronoun required to head a postmodified phrase (those of X, not personal pronoun them)",B,incorrect_part_of_speech,14
0.0968,sentence_initial,0.0645,SINGLE_WORD,1,0.3226,early,0.2903,SINGLE_WORD,1,0.5806,middle,0.5484,SINGLE_WORD,1,0.8387,late,0.8065,SINGLE_WORD,1,2,B,SINGLE_WORD,1,CLAUSE_LEVEL,2,parsed_replacement,official,CLAUSE_RELATION,early,clause_level,prepositional_phrase,6,7,7,False,0.129,1,1,1,1,4,4,1,1,1,change 'during' to 'from',CONNECTORS_CONJUNCTIONS,36,31,31,0,Practice Test B,ordered-PDF-geometry approximation; official PDF text layer has no reliable token offsets,ordered span anchors converted to token-index approximations,preposition choice incompatible with a paired 'until' phrase (during vs. from...until),B,wrong_preposition_collocation,27
0.1154,sentence_initial,0.0769,SINGLE_WORD,1,0.3462,early,0.3077,SINGLE_WORD,1,0.5769,middle,0.5385,SINGLE_WORD,1,0.8462,late,0.8077,SINGLE_WORD,1,3,B,SINGLE_WORD,1,DEPENDENCY_BASED,2,parsed_replacement,official,FUNCTION_WORD,early,local,noun_phrase,5,5,6,False,0.1538,1,1,1,1,4,4,1,1,1,change 'setting' to 'settings',REFERENCE_AND_DETERMINERS,37,26,26,0,Practice Test B,ordered-PDF-geometry approximation; official PDF text layer has no reliable token offsets,ordered span anchors converted to token-index approximations,"plural noun required after quantifier 'several' (settings, not setting)",B,agreement_error,22
0.0833,sentence_initial,0.0417,SINGLE_WORD,1,0.375,early,0.2917,SHORT_PHRASE,2,0.5833,middle,0.5417,SINGLE_WORD,1,0.8333,late,0.7917,SINGLE_WORD,1,2,C,SINGLE_WORD,1,SEMANTIC_OR_CONTEXT_DEPENDENT,3,parsed_replacement,official,WORD_ORDER,middle,local,noun_phrase,5,4,5,False,0.2083,1,2,1,1,5,5,2,1.25,1,change 'plants native' to 'native plants',WORD_ORDER_MODIFICATION,38,24,24,0,Practice Test B,ordered-PDF-geometry approximation; official PDF text layer has no reliable token offsets,ordered span anchors converted to token-index approximations,"attributive adjective misplaced after its noun instead of before it (native plants, not plants native)",B,wrong_word_order,19
0.1176,sentence_initial,0.0588,SINGLE_WORD,1,0.3529,early,0.2941,SINGLE_WORD,1,0.6471,middle,0.5294,CLAUSE_OR_CLAUSE_LIKE,2,0.8824,late,0.8235,SINGLE_WORD,1,1,C,CLAUSE_OR_CLAUSE_LIKE,2,CLAUSE_LEVEL,2,parsed_replacement,official,WORD_CLASS,late,clause_level,adjective,3,3,3,False,0.2941,1,1,2,1,5,5,2,1.25,1,change 'slenderness' to 'slender',PARALLEL_STRUCTURE,39,17,17,0,Practice Test B,ordered-PDF-geometry approximation; official PDF text layer has no reliable token offsets,ordered span anchors converted to token-index approximations,"parallel adjectives in a coordinate list (slender, not slenderness)",B,incorrect_part_of_speech,12
0.1429,sentence_initial,0.0714,SINGLE_WORD,1,0.4286,early,0.2857,SHORT_PHRASE,2,0.6429,middle,0.5714,SINGLE_WORD,1,0.8571,late,0.7857,SINGLE_WORD,1,2,C,SINGLE_WORD,1,LOCAL_SINGLE_TOKEN,2,parsed_replacement,official,MORPHOLOGY,late,local,adjective,2,2,2,False,0.3571,1,2,1,1,5,5,2,1.25,1,change 'intentional' to 'intentionally',WORD_CLASS_FORM,40,14,14,0,Practice Test B,ordered-PDF-geometry approximation; official PDF text layer has no reliable token offsets,ordered span anchors converted to token-index approximations,"adverb required to modify the main verb 'add' (intentionally, not adjective intentional)",B,incorrect_part_of_speech,9
0.125,sentence_initial,0.0625,SINGLE_WORD,1,0.375,early,0.3125,SINGLE_WORD,1,0.625,middle,0.5625,SINGLE_WORD,1,0.875,late,0.8125,SINGLE_WORD,1,2,B,SINGLE_WORD,1,CLAUSE_LEVEL,2,parsed_replacement,official,WORD_CLASS,middle,local,adjective,3,3,3,False,0.25,1,1,1,1,4,4,1,1,1,change 'smoothly' to 'smooth',PARALLEL_STRUCTURE,16,16,16,0,Practice Test C,ordered-PDF-geometry approximation; official PDF text layer has no reliable token offsets,ordered span anchors converted to token-index approximations,"parallel adjectives in coordinate list modifying a noun (straight, ___, and hollow)",C,incorrect_part_of_speech,12
0.1071,sentence_initial,0.0714,SINGLE_WORD,1,0.3214,early,0.2857,SINGLE_WORD,1,0.5714,middle,0.5357,SINGLE_WORD,1,0.8214,late,0.7857,SINGLE_WORD,1,2,A,SINGLE_WORD,1,DEPENDENCY_BASED,2,parsed_replacement,official,AGREEMENT_DEPENDENCY,sentence_initial,local,quantifier,5,6,6,False,0.1429,1,1,1,1,4,4,1,1,1,change 'much' to 'many',REFERENCE_AND_DETERMINERS,17,28,28,0,Practice Test C,ordered-PDF-geometry approximation; official PDF text layer has no reliable token offsets,ordered span anchors converted to token-index approximations,quantifier agreement with countable plural noun (much vs many),C,agreement_error,24
0.1053,sentence_initial,0.0526,SINGLE_WORD,1,0.4737,early,0.3158,CLAUSE_OR_CLAUSE_LIKE,3,0.6316,middle,0.5263,CLAUSE_OR_CLAUSE_LIKE,2,0.9474,sentence_final,0.7895,CLAUSE_OR_CLAUSE_LIKE,3,1,B,CLAUSE_OR_CLAUSE_LIKE,3,CLAUSE_LEVEL,7,parsed_replacement,official,OTHER,early,sentence_level,pronoun,4,1,3,False,0.4737,1,3,2,3,9,9,3,2.25,1,delete 'it' (change 'Alberta it is believed' to 'Alberta is believed'),CLAUSE_STRUCTURE,18,19,19,0,Practice Test C,ordered-PDF-geometry approximation; official PDF text layer has no reliable token offsets,ordered span anchors converted to token-index approximations,double subject / resumptive pronoun duplicating an already-stated subject,C,double_subject,10
0.2143,sentence_initial,0.0714,CLAUSE_OR_CLAUSE_LIKE,2,0.3571,early,0.2857,SINGLE_WORD,1,0.6429,middle,0.5714,SINGLE_WORD,1,0.8571,late,0.7857,SINGLE_WORD,1,1,C,SINGLE_WORD,1,CLAUSE_LEVEL,2,parsed_replacement,official,VERB_FRAME,late,cross_clause,verb_phrase,1,3,2,False,0.3571,2,1,1,1,5,5,2,1.25,1,change 'uses' to 'using',NONFINITE_VERB_PHRASES,19,14,14,0,Practice Test C,ordered-PDF-geometry approximation; official PDF text layer has no reliable token offsets,ordered span anchors converted to token-index approximations,finite verb incorrectly used where a participial phrase is required after a comma,C,wrong_verb_form,9
0.3,early,0.1,SHORT_PHRASE,2,0.5,middle,0.4,SINGLE_WORD,1,0.7,middle,0.6,SINGLE_WORD,1,1.0,sentence_final,0.8,SHORT_PHRASE,2,1,D,SHORT_PHRASE,2,LOCAL_SHORT_SPAN,2,parsed_replacement,official,FUNCTION_WORD,sentence_final,local,determiner,1,1,1,False,0.6,2,1,1,2,6,6,2,1.5,1,change 'another' to 'other',REFERENCE_AND_DETERMINERS,20,10,10,0,Practice Test C,ordered-PDF-geometry approximation; official PDF text layer has no reliable token offsets,ordered span anchors converted to token-index approximations,comparative exclusion phrase 'any other' vs. 'another',C,incorrect_part_of_speech,4
0.1,sentence_initial,0.05,SINGLE_WORD,1,0.35,early,0.3,SINGLE_WORD,1,0.6,middle,0.55,SINGLE_WORD,1,0.95,sentence_final,0.8,SHORT_PHRASE,3,1,B,SINGLE_WORD,1,DEPENDENCY_BASED,2,parsed_replacement,official,VERB_FRAME,early,local,prepositional_phrase,4,4,4,False,0.3,1,1,1,3,6,6,3,1.5,1,change 'onto' to 'of',VERB_COMPLEMENTATION,21,20,20,0,Practice Test C,ordered-PDF-geometry approximation; official PDF text layer has no reliable token offsets,ordered span anchors converted to token-index approximations,prepositional complementation of a noun ('paintings of' vs. 'onto'),C,wrong_preposition_collocation,14
0.1071,sentence_initial,0.0714,SINGLE_WORD,1,0.3214,early,0.2857,SINGLE_WORD,1,0.5714,middle,0.5357,SINGLE_WORD,1,0.8571,late,0.7857,SHORT_PHRASE,2,2,C,SINGLE_WORD,1,DEPENDENCY_BASED,2,parsed_replacement,official,FUNCTION_WORD,middle,local,pronoun,5,6,6,False,0.1786,1,1,1,2,5,5,2,1.25,1,change 'hers' to 'her',REFERENCE_AND_DETERMINERS,22,28,28,0,Practice Test C,ordered-PDF-geometry approximation; official PDF text layer has no reliable token offsets,ordered span anchors converted to token-index approximations,possessive pronoun form before a noun (hers vs. her),C,incorrect_part_of_speech,23
0.125,sentence_initial,0.0417,CLAUSE_OR_CLAUSE_LIKE,2,0.3333,early,0.2917,SINGLE_WORD,1,0.5833,middle,0.5417,SINGLE_WORD,1,0.8333,late,0.7917,SINGLE_WORD,1,3,D,SINGLE_WORD,1,DEPENDENCY_BASED,2,parsed_replacement,official,AGREEMENT_DEPENDENCY,sentence_final,sentence_level,pronoun,4,5,5,False,0.2083,2,1,1,1,5,5,2,1.25,1,change 'it' to 'them',REFERENCE_AND_DETERMINERS,23,24,24,0,Practice Test C,ordered-PDF-geometry approximation; official PDF text layer has no reliable token offsets,ordered span anchors converted to token-index approximations,"pronoun-antecedent number agreement (it vs. them, referring to a plural antecedent)",C,incorrect_reference,19
0.0952,sentence_initial,0.0476,SINGLE_WORD,1,0.3333,early,0.2857,SINGLE_WORD,1,0.6667,middle,0.5714,SHORT_PHRASE,2,0.9048,late,0.8095,SHORT_PHRASE,2,2,B,SINGLE_WORD,1,LOCAL_SINGLE_TOKEN,2,parsed_replacement,official,VERB_FRAME,middle,local,gerund_phrase,4,5,3,False,0.2857,1,1,2,2,6,6,2,1.5,1,change 'organize' to 'organizing',NONFINITE_VERB_PHRASES,24,21,21,0,Practice Test C,ordered-PDF-geometry approximation; official PDF text layer has no reliable token offsets,ordered span anchors converted to token-index approximations,gerund required after a preposition ('for organizing'),C,wrong_verb_form,15
0.1765,sentence_initial,0.0588,SHORT_PHRASE,2,0.3529,early,0.2941,SINGLE_WORD,1,0.5882,middle,0.5294,SINGLE_WORD,1,1.0,sentence_final,0.8235,SHORT_PHRASE,3,2,C,SINGLE_WORD,1,LOCAL_SINGLE_TOKEN,2,parsed_replacement,official,VERB_FRAME,middle,local,verb_phrase,2,3,4,False,0.4118,2,1,1,3,7,7,3,1.75,1,change 'travels' to 'travel',VERB_FORM_VOICE,25,17,17,0,Practice Test C,ordered-PDF-geometry approximation; official PDF text layer has no reliable token offsets,ordered span anchors converted to token-index approximations,modal auxiliary followed by a third-person singular verb form (should be base form),C,wrong_verb_form,10
0.0909,sentence_initial,0.0455,SINGLE_WORD,1,0.3636,early,0.2727,CLAUSE_OR_CLAUSE_LIKE,2,0.6364,middle,0.5455,CLAUSE_OR_CLAUSE_LIKE,2,0.9091,late,0.8182,CLAUSE_OR_CLAUSE_LIKE,2,1,B,CLAUSE_OR_CLAUSE_LIKE,2,CLAUSE_LEVEL,3,parsed_replacement,official,VERB_FRAME,middle,clause_level,verb_phrase,4,4,4,False,0.3182,1,2,2,2,7,7,2,1.75,1,change 'was introducing' to 'was introduced',VERB_FORM_VOICE,26,22,22,0,Practice Test C,ordered-PDF-geometry approximation; official PDF text layer has no reliable token offsets,ordered span anchors converted to token-index approximations,active voice used where passive voice is required (by-agent phrase indicates a patient subject),C,wrong_voice,15
0.1111,sentence_initial,0.0556,SINGLE_WORD,1,0.3889,early,0.2778,SHORT_PHRASE,2,0.6111,middle,0.5556,SINGLE_WORD,1,0.8333,late,0.7778,SINGLE_WORD,1,1,A,SINGLE_WORD,1,LOCAL_SINGLE_TOKEN,2,parsed_replacement,official,CLAUSE_RELATION,sentence_initial,local,prepositional_phrase,3,3,3,False,0.2778,1,2,1,1,5,5,2,1.25,1,change 'Beside' to 'Between',CONNECTORS_CONJUNCTIONS,27,18,18,0,Practice Test C,ordered-PDF-geometry approximation; official PDF text layer has no reliable token offsets,ordered span anchors converted to token-index approximations,preposition selection for a numeric range ('between X and Y' vs. 'beside'),C,wrong_preposition_collocation,13
0.12,sentence_initial,0.08,SINGLE_WORD,1,0.4,early,0.28,SHORT_PHRASE,3,0.6,middle,0.56,SINGLE_WORD,1,0.84,late,0.8,SINGLE_WORD,1,2,D,SINGLE_WORD,1,DEPENDENCY_BASED,2,parsed_replacement,official,FUNCTION_WORD,late,local,noun_phrase,4,4,5,False,0.24,1,3,1,1,6,6,3,1.5,1,change 'particle' to 'particles',REFERENCE_AND_DETERMINERS,28,25,25,0,Practice Test C,ordered-PDF-geometry approximation; official PDF text layer has no reliable token offsets,ordered span anchors converted to token-index approximations,countable noun plural required after a quantifying phrase ('a swarm of particles'),C,agreement_error,19
0.1429,sentence_initial,0.0476,CLAUSE_OR_CLAUSE_LIKE,2,0.3333,early,0.2857,SINGLE_WORD,1,0.619,middle,0.5714,SINGLE_WORD,1,0.8571,late,0.8095,SINGLE_WORD,1,1,C,SINGLE_WORD,1,CLAUSE_LEVEL,2,parsed_replacement,official,VERB_FRAME,late,clause_level,participial_phrase,3,5,4,False,0.2381,2,1,1,1,5,5,2,1.25,1,change 'maintain' to 'maintained',NONFINITE_VERB_PHRASES,29,21,21,0,Practice Test C,ordered-PDF-geometry approximation; official PDF text layer has no reliable token offsets,ordered span anchors converted to token-index approximations,reduced participial phrase requiring a past participle (passive sense: 'all maintained in...'),C,wrong_verb_form,16
0.1,sentence_initial,0.05,SINGLE_WORD,1,0.35,early,0.3,SINGLE_WORD,1,0.6,middle,0.55,SINGLE_WORD,1,0.85,late,0.8,SINGLE_WORD,1,1,D,SINGLE_WORD,1,DEPENDENCY_BASED,2,parsed_replacement,official,FUNCTION_WORD,sentence_final,local,noun_phrase,4,4,4,False,0.2,1,1,1,1,4,4,1,1,1,change 'industry' to 'industries',REFERENCE_AND_DETERMINERS,30,20,20,0,Practice Test C,ordered-PDF-geometry approximation; official PDF text layer has no reliable token offsets,ordered span anchors converted to token-index approximations,plural noun required after 'one of the' + superlative,C,agreement_error,16
0.2,sentence_initial,0.0667,SHORT_PHRASE,2,0.3333,early,0.2667,SINGLE_WORD,1,0.6,middle,0.5333,SINGLE_WORD,1,0.8667,late,0.8,SINGLE_WORD,1,1,B,SINGLE_WORD,1,LOCAL_SINGLE_TOKEN,2,parsed_replacement,official,MORPHOLOGY,middle,local,adjective,1,3,3,False,0.3333,2,1,1,1,5,5,2,1.25,1,change 'thorough' to 'thoroughly',WORD_CLASS_FORM,31,15,15,0,Practice Test C,ordered-PDF-geometry approximation; official PDF text layer has no reliable token offsets,ordered span anchors converted to token-index approximations,"adverb required to modify the main verb (thoroughly, not the adjective thorough)",C,incorrect_part_of_speech,10
0.1111,sentence_initial,0.0556,SINGLE_WORD,1,0.3889,early,0.2778,SHORT_PHRASE,2,0.6111,middle,0.5556,SINGLE_WORD,1,0.8333,late,0.7778,SINGLE_WORD,1,1,A,SINGLE_WORD,1,LOCAL_SINGLE_TOKEN,2,parsed_replacement,official,VERB_FRAME,middle,local,adjective,3,3,3,False,0.2778,1,2,1,1,5,5,2,1.25,1,change 'abundance' to 'abundant',VERB_COMPLEMENTATION,32,18,18,0,Practice Test C,ordered-PDF-geometry approximation; official PDF text layer has no reliable token offsets,ordered span anchors converted to token-index approximations,predicate adjective required after linking verb 'be' (noun 'abundance' used instead of adjective 'abundant'),C,incorrect_part_of_speech,13
0.1053,sentence_initial,0.0526,SINGLE_WORD,1,0.3684,early,0.3158,SINGLE_WORD,1,0.5789,middle,0.5263,SINGLE_WORD,1,0.9474,sentence_final,0.7895,SHORT_PHRASE,3,2,D,SHORT_PHRASE,3,LOCAL_SHORT_SPAN,3,parsed_replacement,official,VERB_FRAME,sentence_final,local,infinitive_phrase,4,3,4,False,0.3158,1,1,1,3,6,6,3,1.5,1,change 'for yields' to 'to yield',NONFINITE_VERB_PHRASES,33,19,19,0,Practice Test C,ordered-PDF-geometry approximation; official PDF text layer has no reliable token offsets,ordered span anchors converted to token-index approximations,infinitive of purpose required instead of preposition + finite verb,C,wrong_verb_form,13
0.1,sentence_initial,0.05,SINGLE_WORD,1,0.35,early,0.3,SINGLE_WORD,1,0.65,middle,0.55,CLAUSE_OR_CLAUSE_LIKE,2,0.9,late,0.8,CLAUSE_OR_CLAUSE_LIKE,2,2,D,CLAUSE_OR_CLAUSE_LIKE,2,CLAUSE_LEVEL,2,parsed_replacement,official,VERB_FRAME,sentence_final,clause_level,participial_phrase,4,4,3,False,0.3,1,1,2,2,6,6,2,1.5,1,change 'included' to 'including',NONFINITE_VERB_PHRASES,34,20,20,0,Practice Test C,ordered-PDF-geometry approximation; official PDF text layer has no reliable token offsets,ordered span anchors converted to token-index approximations,participial phrase of inclusion ('including') vs. finite past-tense verb,C,wrong_verb_form,14
0.1111,sentence_initial,0.0556,SINGLE_WORD,1,0.3333,early,0.2778,SINGLE_WORD,1,0.6667,middle,0.5556,CLAUSE_OR_CLAUSE_LIKE,2,0.8889,late,0.7778,CLAUSE_OR_CLAUSE_LIKE,2,1,D,CLAUSE_OR_CLAUSE_LIKE,2,CLAUSE_LEVEL,3,parsed_replacement,official,FUNCTION_WORD,late,clause_level,prepositional_phrase,3,4,2,False,0.3333,1,1,2,2,6,6,2,1.5,1,change 'from material' to 'material from',PARALLEL_STRUCTURE,35,18,18,0,Practice Test C,ordered-PDF-geometry approximation; official PDF text layer has no reliable token offsets,ordered span anchors converted to token-index approximations,parallel structure with correlative 'or': preposition placement must match the other coordinate element ('material from' not 'from material'),C,wrong_word_order,12
0.0909,sentence_initial,0.0455,SINGLE_WORD,1,0.3182,early,0.2727,SINGLE_WORD,1,0.5909,middle,0.5455,SINGLE_WORD,1,0.8636,late,0.8182,SINGLE_WORD,1,3,D,SINGLE_WORD,1,SEMANTIC_OR_CONTEXT_DEPENDENT,2,parsed_replacement,official,OTHER,sentence_final,sentence_level,relative_marker,4,5,5,False,0.1818,1,1,1,1,4,4,1,1,1,change 'which' to 'who',RELATIVE_CLAUSES,36,22,22,0,Practice Test C,ordered-PDF-geometry approximation; official PDF text layer has no reliable token offsets,ordered span anchors converted to token-index approximations,relative pronoun choice (who vs. which) for a human antecedent,C,incorrect_relative_marker,18
0.0909,sentence_initial,0.0455,SINGLE_WORD,1,0.3182,early,0.2727,SINGLE_WORD,1,0.5909,middle,0.5455,SINGLE_WORD,1,0.8636,late,0.8182,SINGLE_WORD,1,3,B,SINGLE_WORD,1,CLAUSE_LEVEL,2,parsed_replacement,official,MORPHOLOGY,middle,cross_clause,comparative_marker,4,5,5,False,0.1818,1,1,1,1,4,4,1,1,1,change 'very' to 'so',COMPARATIVES_DEGREE,37,22,22,0,Practice Test C,ordered-PDF-geometry approximation; official PDF text layer has no reliable token offsets,ordered span anchors converted to token-index approximations,degree word + result clause: 'so...that' required instead of 'very...that',C,wrong_degree_form,18
0.12,sentence_initial,0.08,SINGLE_WORD,1,0.36,early,0.28,CLAUSE_OR_CLAUSE_LIKE,2,0.6,middle,0.56,SINGLE_WORD,1,0.84,late,0.8,SINGLE_WORD,1,2,B,CLAUSE_OR_CLAUSE_LIKE,2,CLAUSE_LEVEL,2,parsed_replacement,official,FUNCTION_WORD,middle,cross_clause,prepositional_phrase,4,5,5,False,0.2,1,2,1,1,5,5,2,1.25,1,change 'upward' to 'up',PARALLEL_STRUCTURE,38,25,25,0,Practice Test C,ordered-PDF-geometry approximation; official PDF text layer has no reliable token offsets,ordered span anchors converted to token-index approximations,parallel prepositional phrases in a three-part list (up.../over.../and down...); an adverb breaks the required preposition pattern,C,incorrect_part_of_speech,20
0.087,sentence_initial,0.0435,SINGLE_WORD,1,0.3913,early,0.3043,CLAUSE_OR_CLAUSE_LIKE,2,0.6087,middle,0.5652,SINGLE_WORD,1,0.8261,late,0.7826,SINGLE_WORD,1,2,A,SINGLE_WORD,1,SEMANTIC_OR_CONTEXT_DEPENDENT,1,parsed_insertion,official,WORD_ORDER,sentence_initial,sentence_level,noun_phrase,5,4,4,False,0.2174,1,2,1,1,5,5,2,1.25,1,add 'With' before 'Farms of',WORD_ORDER_MODIFICATION,39,23,23,0,Practice Test C,ordered-PDF-geometry approximation; official PDF text layer has no reliable token offsets,ordered span anchors converted to token-index approximations,fronted absolute/prepositional phrase missing its preposition (needs 'With farms of...' as the introductory phrase),C,missing_required_element,18
0.1111,sentence_initial,0.0556,SINGLE_WORD,1,0.3333,early,0.2778,SINGLE_WORD,1,0.6667,middle,0.5556,SHORT_PHRASE,2,0.8889,late,0.7778,SHORT_PHRASE,2,1,A,SINGLE_WORD,1,LOCAL_SINGLE_TOKEN,2,parsed_replacement,official,VERB_FRAME,sentence_initial,local,verb_phrase,3,4,2,False,0.3333,1,1,2,2,6,6,2,1.5,1,change 'apply' to 'applied',VERB_FORM_VOICE,40,18,18,0,Practice Test C,ordered-PDF-geometry approximation; official PDF text layer has no reliable token offsets,ordered span anchors converted to token-index approximations,present perfect tense requires a past participle after 'have' (apply vs. applied),C,wrong_verb_form,12
0.1538,sentence_initial,0.0769,SHORT_PHRASE,2,0.3462,early,0.3077,SINGLE_WORD,1,0.5769,middle,0.5385,SINGLE_WORD,1,0.8462,late,0.8077,SINGLE_WORD,1,2,D,SINGLE_WORD,1,LOCAL_SINGLE_TOKEN,2,parsed_replacement,official,FUNCTION_WORD,sentence_final,local,noun_phrase,4,5,6,False,0.1923,2,1,1,1,5,5,2,1.25,1,change 'listen' to 'listener',WORD_CLASS_FORM,16,26,26,0,Practice Test D,ordered-PDF-geometry approximation; official PDF text layer has no reliable token offsets,ordered span anchors converted to token-index approximations,"noun required as object of a preposition, but a bare verb form is used instead (listen vs. listener)",D,incorrect_part_of_speech,21
0.1538,sentence_initial,0.0769,SINGLE_WORD,1,0.3846,early,0.3077,SINGLE_WORD,1,0.6154,middle,0.5385,SINGLE_WORD,1,0.8462,late,0.7692,SINGLE_WORD,1,1,C,SINGLE_WORD,1,LOCAL_SINGLE_TOKEN,2,parsed_replacement,official,MORPHOLOGY,late,local,adjective,2,2,2,False,0.3077,1,1,1,1,4,4,1,1,1,change 'well' to 'good',WORD_CLASS_FORM,17,13,13,0,Practice Test D,ordered-PDF-geometry approximation; official PDF text layer has no reliable token offsets,ordered span anchors converted to token-index approximations,"attributive adjective required before a noun, but the adverb form is used instead ('well' vs. 'good' sense)",D,incorrect_part_of_speech,9
0.1538,sentence_initial,0.0769,SINGLE_WORD,1,0.4615,early,0.3077,CLAUSE_OR_CLAUSE_LIKE,2,0.6154,middle,0.5385,SINGLE_WORD,1,0.8462,late,0.7692,SINGLE_WORD,1,1,D,SINGLE_WORD,1,CLAUSE_LEVEL,2,parsed_replacement,official,VERB_FRAME,sentence_final,clause_level,participial_phrase,2,1,2,False,0.3846,1,2,1,1,5,5,2,1.25,1,change 'know' to 'known',NONFINITE_VERB_PHRASES,18,13,13,0,Practice Test D,ordered-PDF-geometry approximation; official PDF text layer has no reliable token offsets,ordered span anchors converted to token-index approximations,reduced relative clause requiring a past participle instead of a bare verb form ('objects known'),D,wrong_verb_form,8
0.0952,sentence_initial,0.0476,SINGLE_WORD,1,0.3333,early,0.2857,SINGLE_WORD,1,0.619,middle,0.5714,SINGLE_WORD,1,0.9048,late,0.8095,CLAUSE_OR_CLAUSE_LIKE,2,1,D,CLAUSE_OR_CLAUSE_LIKE,2,CLAUSE_LEVEL,4,parsed_replacement,official,VERB_FRAME,sentence_final,clause_level,prepositional_phrase,4,5,4,False,0.2381,1,1,1,2,5,5,2,1.25,1,change 'to species' to 'from species',VERB_COMPLEMENTATION,19,21,21,0,Practice Test D,ordered-PDF-geometry approximation; official PDF text layer has no reliable token offsets,ordered span anchors converted to token-index approximations,preposition selection in the fixed idiom 'varies from X to Y' (to vs. from),D,wrong_preposition_collocation,16
0.1053,sentence_initial,0.0526,SINGLE_WORD,1,0.3684,early,0.3158,SINGLE_WORD,1,0.5789,middle,0.5263,SINGLE_WORD,1,0.8421,late,0.7895,SINGLE_WORD,1,2,B,SINGLE_WORD,1,CLAUSE_LEVEL,2,parsed_replacement,official,VERB_FRAME,middle,clause_level,verb_phrase,4,3,4,False,0.2105,1,1,1,1,4,4,1,1,1,change 'identify' to 'identified',PARALLEL_STRUCTURE,20,19,19,0,Practice Test D,ordered-PDF-geometry approximation; official PDF text layer has no reliable token offsets,ordered span anchors converted to token-index approximations,"parallel past participles in a list after 'can be' (observed, described, and identified)",D,wrong_verb_form,15
0.1905,sentence_initial,0.0476,CLAUSE_OR_CLAUSE_LIKE,3,0.3333,early,0.2857,SINGLE_WORD,1,0.6667,middle,0.5714,CLAUSE_OR_CLAUSE_LIKE,2,0.9048,late,0.8095,CLAUSE_OR_CLAUSE_LIKE,2,2,C,CLAUSE_OR_CLAUSE_LIKE,2,CLAUSE_LEVEL,3,parsed_replacement,official,VERB_FRAME,late,cross_clause,verb_phrase,2,5,3,False,0.381,3,1,2,2,8,8,3,2,1,change 'he respected' to 'he is respected',VERB_FORM_VOICE,21,21,21,0,Practice Test D,ordered-PDF-geometry approximation; official PDF text layer has no reliable token offsets,ordered span anchors converted to token-index approximations,missing auxiliary 'is' breaking parallelism with the passive verb of the first clause (is noted...and is respected),D,missing_required_element,13
0.0909,sentence_initial,0.0455,SINGLE_WORD,1,0.3182,early,0.2727,SINGLE_WORD,1,0.6364,middle,0.5455,SHORT_PHRASE,2,0.8636,late,0.8182,SINGLE_WORD,1,2,A,SINGLE_WORD,1,LOCAL_SINGLE_TOKEN,2,parsed_replacement,official,MORPHOLOGY,early,local,adjective,4,5,4,False,0.2273,1,1,2,1,5,5,2,1.25,1,change 'complexity' to 'complex',WORD_CLASS_FORM,22,22,22,0,Practice Test D,ordered-PDF-geometry approximation; official PDF text layer has no reliable token offsets,ordered span anchors converted to token-index approximations,"attributive adjective required before a noun, but the abstract noun form is used instead ('complexity' vs. 'complex' process)",D,incorrect_part_of_speech,17
0.1429,sentence_initial,0.0714,SINGLE_WORD,1,0.4286,early,0.2857,CLAUSE_OR_CLAUSE_LIKE,2,0.6429,middle,0.5714,SINGLE_WORD,1,0.8571,late,0.7857,SINGLE_WORD,1,1,C,SINGLE_WORD,1,CLAUSE_LEVEL,2,parsed_replacement,official,AGREEMENT_DEPENDENCY,middle,clause_level,verb_phrase,2,2,2,False,0.3571,1,2,1,1,5,5,2,1.25,1,change 'registers' to 'register',CLAUSE_STRUCTURE,23,14,14,0,Practice Test D,ordered-PDF-geometry approximation; official PDF text layer has no reliable token offsets,ordered span anchors converted to token-index approximations,subject-verb agreement across an intervening prepositional phrase (points...registers),D,agreement_error,9
0.1053,sentence_initial,0.0526,SINGLE_WORD,1,0.3684,early,0.3158,SINGLE_WORD,1,0.5789,middle,0.5263,SINGLE_WORD,1,0.8947,late,0.7895,CLAUSE_OR_CLAUSE_LIKE,2,1,C,SINGLE_WORD,1,CLAUSE_LEVEL,2,parsed_replacement,official,MORPHOLOGY,late,clause_level,verb_phrase,4,3,4,False,0.2632,1,1,1,2,5,5,2,1.25,1,change 'trust' to 'trusted',PARALLEL_STRUCTURE,24,19,19,0,Practice Test D,ordered-PDF-geometry approximation; official PDF text layer has no reliable token offsets,ordered span anchors converted to token-index approximations,parallel past-tense verbs in a three-part predicate list (sold...trusted...took),D,wrong_verb_form,14
0.15,sentence_initial,0.05,SHORT_PHRASE,2,0.4,early,0.3,SHORT_PHRASE,2,0.6,middle,0.55,SINGLE_WORD,1,0.85,late,0.8,SINGLE_WORD,1,2,B,SHORT_PHRASE,2,LOCAL_SHORT_SPAN,2,parsed_replacement,official,MORPHOLOGY,late,local,adjective,3,3,4,False,0.3,2,2,1,1,6,6,2,1.5,1,change 'typical' to 'typically',WORD_CLASS_FORM,25,20,20,0,Practice Test D,ordered-PDF-geometry approximation; official PDF text layer has no reliable token offsets,ordered span anchors converted to token-index approximations,"adverb required to modify a comparative adjective phrase, but the adjective form is used instead ('typical' vs. 'typically' more concerned)",D,incorrect_part_of_speech,14
0.2,sentence_initial,0.0667,CLAUSE_OR_CLAUSE_LIKE,2,0.3333,early,0.2667,SINGLE_WORD,1,0.6,middle,0.5333,SINGLE_WORD,1,0.9333,sentence_final,0.8,CLAUSE_OR_CLAUSE_LIKE,2,1,C,SINGLE_WORD,1,CLAUSE_LEVEL,2,parsed_replacement,official,VERB_FRAME,sentence_final,clause_level,adverb,1,3,3,False,0.4,2,1,1,2,6,6,2,1.5,1,change 'rarity' to 'rarely',WORD_CLASS_FORM,26,15,15,0,Practice Test D,ordered-PDF-geometry approximation; official PDF text layer has no reliable token offsets,ordered span anchors converted to token-index approximations,"adverb required to modify a passive participle, but the noun form is used instead ('rarity' vs. 'rarely' found)",D,incorrect_part_of_speech,9
0.1667,sentence_initial,0.0556,CLAUSE_OR_CLAUSE_LIKE,2,0.3333,early,0.2778,SINGLE_WORD,1,0.6111,middle,0.5556,SINGLE_WORD,1,0.8889,late,0.7778,CLAUSE_OR_CLAUSE_LIKE,2,2,C,SINGLE_WORD,1,CLAUSE_LEVEL,2,parsed_replacement,official,AGREEMENT_DEPENDENCY,sentence_final,clause_level,verb_phrase,2,4,3,False,0.3333,2,1,1,2,6,6,2,1.5,1,change 'begins' to 'begin',CLAUSE_STRUCTURE,27,18,18,0,Practice Test D,ordered-PDF-geometry approximation; official PDF text layer has no reliable token offsets,ordered span anchors converted to token-index approximations,"subject-verb agreement inside a time clause (muscles begin, not begins)",D,agreement_error,12
0.125,sentence_initial,0.0417,CLAUSE_OR_CLAUSE_LIKE,2,0.3333,early,0.2917,SINGLE_WORD,1,0.5833,middle,0.5417,SINGLE_WORD,1,0.875,late,0.7917,CLAUSE_OR_CLAUSE_LIKE,2,1,C,SINGLE_WORD,1,CLAUSE_LEVEL,2,parsed_replacement,official,VERB_FRAME,late,clause_level,gerund_phrase,4,5,5,False,0.25,2,1,1,2,6,6,2,1.5,1,change 'advocacy' to 'advocating',NONFINITE_VERB_PHRASES,28,24,24,0,Practice Test D,ordered-PDF-geometry approximation; official PDF text layer has no reliable token offsets,ordered span anchors converted to token-index approximations,"gerund required after 'known for' to take a direct object, but the noun form is used instead ('advocacy' vs. 'advocating')",D,wrong_verb_form,18
0.087,sentence_initial,0.0435,SINGLE_WORD,1,0.3913,early,0.3043,CLAUSE_OR_CLAUSE_LIKE,2,0.6087,middle,0.5652,SINGLE_WORD,1,0.8261,late,0.7826,SINGLE_WORD,1,2,B,CLAUSE_OR_CLAUSE_LIKE,2,CLAUSE_LEVEL,3,parsed_replacement,official,FUNCTION_WORD,early,clause_level,relative_marker,5,4,4,False,0.2174,1,2,1,1,5,5,2,1.25,1,change 'in what' to 'in which',RELATIVE_CLAUSES,29,23,23,0,Practice Test D,ordered-PDF-geometry approximation; official PDF text layer has no reliable token offsets,ordered span anchors converted to token-index approximations,relative pronoun choice (which vs. what) after a preposition with a stated antecedent,D,incorrect_relative_marker,18
0.0952,sentence_initial,0.0476,SINGLE_WORD,1,0.381,early,0.2857,CLAUSE_OR_CLAUSE_LIKE,2,0.6667,middle,0.5714,CLAUSE_OR_CLAUSE_LIKE,2,0.8571,late,0.8095,SINGLE_WORD,1,2,A,SINGLE_WORD,1,CLAUSE_LEVEL,3,parsed_replacement,official,VERB_FRAME,sentence_initial,clause_level,verb_phrase,4,4,3,False,0.2857,1,2,2,1,6,6,2,1.5,1,change 'which found' to 'which is found',VERB_FORM_VOICE,30,21,21,0,Practice Test D,ordered-PDF-geometry approximation; official PDF text layer has no reliable token offsets,ordered span anchors converted to token-index approximations,"passive voice required in a relative clause, but the auxiliary 'is' is missing before the past participle",D,missing_required_element,15
0.1053,sentence_initial,0.0526,SINGLE_WORD,1,0.4211,early,0.3158,SHORT_PHRASE,2,0.5789,middle,0.5263,SINGLE_WORD,1,0.8421,late,0.7895,SINGLE_WORD,1,2,B,SHORT_PHRASE,2,LOCAL_SHORT_SPAN,2,parsed_replacement,official,VERB_FRAME,middle,local,prepositional_phrase,4,2,4,False,0.2632,1,2,1,1,5,5,2,1.25,1,change 'into' to 'to',VERB_COMPLEMENTATION,31,19,19,0,Practice Test D,ordered-PDF-geometry approximation; official PDF text layer has no reliable token offsets,ordered span anchors converted to token-index approximations,preposition selection after a past participle ('given to' vs. 'given into'),D,wrong_preposition_collocation,14
0.087,sentence_initial,0.0435,SINGLE_WORD,1,0.3478,early,0.3043,SINGLE_WORD,1,0.6087,middle,0.5652,SINGLE_WORD,1,0.8261,late,0.7826,SINGLE_WORD,1,2,A,SINGLE_WORD,1,DEPENDENCY_BASED,2,parsed_replacement,official,AGREEMENT_DEPENDENCY,early,local,noun_phrase,5,5,4,False,0.1739,1,1,1,1,4,4,1,1,1,change 'fabrics' to 'fabric',REFERENCE_AND_DETERMINERS,32,23,23,0,Practice Test D,ordered-PDF-geometry approximation; official PDF text layer has no reliable token offsets,ordered span anchors converted to token-index approximations,"quantifier agreement with an uncountable noun (much fabric, not fabrics)",D,agreement_error,19
0.1176,sentence_initial,0.0588,SINGLE_WORD,1,0.3529,early,0.2941,SINGLE_WORD,1,0.5882,middle,0.5294,SINGLE_WORD,1,0.8824,late,0.8235,SINGLE_WORD,1,1,C,SINGLE_WORD,1,CLAUSE_LEVEL,1,parsed_insertion,official,VERB_FRAME,late,clause_level,noun_phrase,3,3,4,False,0.2353,1,1,1,1,4,4,1,1,1,add 'in' before 'large multilevel structures',VERB_COMPLEMENTATION,33,17,17,0,Practice Test D,ordered-PDF-geometry approximation; official PDF text layer has no reliable token offsets,ordered span anchors converted to token-index approximations,prepositional complementation of the verb 'lived' missing its required preposition ('lived in large...structures'),D,missing_required_element,13
0.1154,sentence_initial,0.0769,SINGLE_WORD,1,0.3462,early,0.3077,SINGLE_WORD,1,0.5769,middle,0.5385,SINGLE_WORD,1,0.8462,late,0.8077,SINGLE_WORD,1,2,D,SINGLE_WORD,1,SEMANTIC_OR_CONTEXT_DEPENDENT,2,parsed_replacement,official,FUNCTION_WORD,sentence_final,local,adjective,5,5,6,False,0.1538,1,1,1,1,4,4,1,1,1,change 'near' to 'next',REFERENCE_AND_DETERMINERS,34,26,26,0,Practice Test D,ordered-PDF-geometry approximation; official PDF text layer has no reliable token offsets,ordered span anchors converted to token-index approximations,adjective selection for a future time reference ('near' vs. 'next' 50 years),D,incorrect_part_of_speech,22
0.0833,sentence_initial,0.0417,SINGLE_WORD,1,0.3333,early,0.2917,SINGLE_WORD,1,0.5833,middle,0.5417,SINGLE_WORD,1,0.8333,late,0.7917,SINGLE_WORD,1,1,D,SINGLE_WORD,1,CLAUSE_LEVEL,2,parsed_replacement,official,VERB_FRAME,sentence_final,clause_level,noun_phrase,5,5,5,False,0.1667,1,1,1,1,4,4,1,1,1,change 'market' to 'marketing',PARALLEL_STRUCTURE,35,24,24,0,Practice Test D,ordered-PDF-geometry approximation; official PDF text layer has no reliable token offsets,ordered span anchors converted to token-index approximations,"parallel nouns in a coordinate pair, but a bare verb/noun root is used instead of the matching gerund-noun form (production and marketing)",D,incorrect_part_of_speech,20
0.1154,sentence_initial,0.0769,SINGLE_WORD,1,0.3462,early,0.3077,SINGLE_WORD,1,0.5769,middle,0.5385,SINGLE_WORD,1,0.8462,late,0.8077,SINGLE_WORD,1,2,B,SINGLE_WORD,1,CLAUSE_LEVEL,2,parsed_replacement,official,AGREEMENT_DEPENDENCY,middle,clause_level,noun_phrase,5,5,6,False,0.1538,1,1,1,1,4,4,1,1,1,change 'object' to 'objects',REFERENCE_AND_DETERMINERS,36,26,26,0,Practice Test D,ordered-PDF-geometry approximation; official PDF text layer has no reliable token offsets,ordered span anchors converted to token-index approximations,noun number must match a later plural pronoun reference within the same clause (object/objects...their),D,agreement_error,22
0.087,sentence_initial,0.0435,SINGLE_WORD,1,0.3913,early,0.3043,CLAUSE_OR_CLAUSE_LIKE,2,0.6087,middle,0.5652,SINGLE_WORD,1,0.8261,late,0.7826,SINGLE_WORD,1,2,A,SINGLE_WORD,1,LOCAL_SINGLE_TOKEN,2,parsed_replacement,official,VERB_FRAME,early,local,prepositional_phrase,5,4,4,False,0.2174,1,2,1,1,5,5,2,1.25,1,change 'as' to 'for',VERB_COMPLEMENTATION,37,23,23,0,Practice Test D,ordered-PDF-geometry approximation; official PDF text layer has no reliable token offsets,ordered span anchors converted to token-index approximations,preposition selection after 'known' (known for vs. known as),D,wrong_preposition_collocation,18
0.1071,sentence_initial,0.0714,SINGLE_WORD,1,0.3214,early,0.2857,SINGLE_WORD,1,0.6071,middle,0.5357,CLAUSE_OR_CLAUSE_LIKE,2,0.8214,late,0.7857,SINGLE_WORD,1,2,A,SINGLE_WORD,1,CLAUSE_LEVEL,2,parsed_replacement,official,CLAUSE_RELATION,sentence_initial,clause_level,conjunction,5,6,5,False,0.1786,1,1,2,1,5,5,2,1.25,1,change 'Despite' to 'Although',CONNECTORS_CONJUNCTIONS,38,28,28,0,Practice Test D,ordered-PDF-geometry approximation; official PDF text layer has no reliable token offsets,ordered span anchors converted to token-index approximations,preposition used where a subordinating conjunction is required before a full clause (Despite vs. Although),D,incorrect_subordinator,23
0.12,sentence_initial,0.08,SINGLE_WORD,1,0.32,early,0.28,SINGLE_WORD,1,0.6,middle,0.56,SINGLE_WORD,1,0.88,late,0.8,CLAUSE_OR_CLAUSE_LIKE,2,3,A,SINGLE_WORD,1,CLAUSE_LEVEL,2,parsed_replacement,official,CLAUSE_RELATION,sentence_initial,clause_level,relative_marker,4,6,5,False,0.2,1,1,1,2,5,5,2,1.25,1,change 'which' to 'for which',RELATIVE_CLAUSES,39,25,25,0,Practice Test D,ordered-PDF-geometry approximation; official PDF text layer has no reliable token offsets,ordered span anchors converted to token-index approximations,relative clause missing its required pied-piped preposition ('the work for which...is known'),D,missing_required_element,20
0.125,sentence_initial,0.0625,SINGLE_WORD,1,0.375,early,0.3125,SINGLE_WORD,1,0.625,middle,0.5625,SINGLE_WORD,1,0.9375,sentence_final,0.8125,SHORT_PHRASE,2,2,B,SINGLE_WORD,1,LOCAL_SINGLE_TOKEN,2,parsed_replacement,official,MORPHOLOGY,late,local,adjective,3,3,3,False,0.3125,1,1,1,2,5,5,2,1.25,1,change 'locally' to 'local',WORD_CLASS_FORM,40,16,16,0,Practice Test D,ordered-PDF-geometry approximation; official PDF text layer has no reliable token offsets,ordered span anchors converted to token-index approximations,"attributive adjective required before a noun, but the adverb form is used instead ('locally' vs. 'local' tastes)",D,incorrect_part_of_speech,11
0.1176,sentence_initial,0.0588,SINGLE_WORD,1,0.3529,early,0.2941,SINGLE_WORD,1,0.5882,middle,0.5294,SINGLE_WORD,1,0.8824,late,0.8235,SINGLE_WORD,1,1,B,SINGLE_WORD,1,SEMANTIC_OR_CONTEXT_DEPENDENT,2,parsed_replacement,official,FUNCTION_WORD,late,local,determiner,3,3,4,False,0.2353,1,1,1,1,4,4,1,1,1,change 'a' to 'an',REFERENCE_AND_DETERMINERS,16,17,17,0,Practice Test E,ordered-PDF-geometry approximation; official PDF text layer has no reliable token offsets,ordered span anchors converted to token-index approximations,indefinite article form before a vowel-sound adjective (a vs. an),E,agreement_error,13
0.0909,sentence_initial,0.0455,SINGLE_WORD,1,0.3182,early,0.2727,SINGLE_WORD,1,0.5909,middle,0.5455,SINGLE_WORD,1,0.8636,late,0.8182,SINGLE_WORD,1,3,C,SINGLE_WORD,1,SEMANTIC_OR_CONTEXT_DEPENDENT,2,parsed_replacement,official,OTHER,middle,sentence_level,relative_marker,4,5,5,False,0.1818,1,1,1,1,4,4,1,1,1,change 'who' to 'that',RELATIVE_CLAUSES,17,22,22,0,Practice Test E,ordered-PDF-geometry approximation; official PDF text layer has no reliable token offsets,ordered span anchors converted to token-index approximations,relative pronoun choice (who vs. that/which) for a non-human antecedent,E,incorrect_relative_marker,18
0.1053,sentence_initial,0.0526,SINGLE_WORD,1,0.3684,early,0.3158,SINGLE_WORD,1,0.6316,middle,0.5263,SHORT_PHRASE,2,0.9474,sentence_final,0.7895,SHORT_PHRASE,3,1,D,SHORT_PHRASE,3,LOCAL_SHORT_SPAN,2,parsed_replacement,official,VERB_FRAME,late,local,prepositional_phrase,4,3,3,False,0.3684,1,1,2,3,7,7,3,1.75,1,change 'old' to 'age',WORD_CLASS_FORM,18,19,19,0,Practice Test E,ordered-PDF-geometry approximation; official PDF text layer has no reliable token offsets,ordered span anchors converted to token-index approximations,prepositional idiom requiring a noun complement ('years of age') rather than an adjective ('of old'),E,incorrect_part_of_speech,12
0.0952,sentence_initial,0.0476,SINGLE_WORD,1,0.3333,early,0.2857,SINGLE_WORD,1,0.619,middle,0.5714,SINGLE_WORD,1,0.8571,late,0.8095,SINGLE_WORD,1,1,D,SINGLE_WORD,1,DEPENDENCY_BASED,2,parsed_replacement,official,FUNCTION_WORD,sentence_final,local,pronoun,4,5,4,False,0.1905,1,1,1,1,4,4,1,1,1,change 'another' to 'other',REFERENCE_AND_DETERMINERS,19,21,21,0,Practice Test E,ordered-PDF-geometry approximation; official PDF text layer has no reliable token offsets,ordered span anchors converted to token-index approximations,reciprocal pronoun phrase 'each other' vs. the incorrect 'each another',E,incorrect_part_of_speech,17
0.125,sentence_initial,0.0625,SINGLE_WORD,1,0.375,early,0.3125,SINGLE_WORD,1,0.625,middle,0.5625,SINGLE_WORD,1,0.9375,sentence_final,0.8125,CLAUSE_OR_CLAUSE_LIKE,2,1,C,SINGLE_WORD,1,CLAUSE_LEVEL,2,parsed_replacement,official,CLAUSE_RELATION,sentence_final,clause_level,conjunction,3,3,3,False,0.3125,1,1,1,2,5,5,2,1.25,1,change 'and' to 'but',CONNECTORS_CONJUNCTIONS,20,16,16,0,Practice Test E,ordered-PDF-geometry approximation; official PDF text layer has no reliable token offsets,ordered span anchors converted to token-index approximations,coordinating conjunction selection in a 'not X but Y' contrast pairing (and vs. but),E,incorrect_subordinator,11
0.087,sentence_initial,0.0435,SINGLE_WORD,1,0.3478,early,0.3043,SINGLE_WORD,1,0.6087,middle,0.5652,SINGLE_WORD,1,0.8261,late,0.7826,SINGLE_WORD,1,1,D,SINGLE_WORD,1,LOCAL_SINGLE_TOKEN,2,parsed_replacement,official,VERB_FRAME,late,local,prepositional_phrase,5,5,4,False,0.1739,1,1,1,1,4,4,1,1,1,change 'to' to 'in',VERB_COMPLEMENTATION,21,23,23,0,Practice Test E,ordered-PDF-geometry approximation; official PDF text layer has no reliable token offsets,ordered span anchors converted to token-index approximations,prepositional complementation of a passive verb (found in/at vs. found to),E,wrong_preposition_collocation,19
0.1176,sentence_initial,0.0588,SINGLE_WORD,1,0.3529,early,0.2941,SINGLE_WORD,1,0.5882,middle,0.5294,SINGLE_WORD,1,0.9412,sentence_final,0.8235,CLAUSE_OR_CLAUSE_LIKE,2,1,C,SINGLE_WORD,1,CLAUSE_LEVEL,2,parsed_replacement,official,AGREEMENT_DEPENDENCY,late,clause_level,verb_phrase,3,3,4,False,0.2941,1,1,1,2,5,5,2,1.25,1,change 'visits' to 'visit',CLAUSE_STRUCTURE,22,17,17,0,Practice Test E,ordered-PDF-geometry approximation; official PDF text layer has no reliable token offsets,ordered span anchors converted to token-index approximations,subject-verb agreement across an intervening prepositional phrase (plural subject vs. singular verb),E,agreement_error,12
0.0833,sentence_initial,0.0417,SINGLE_WORD,1,0.3333,early,0.2917,SINGLE_WORD,1,0.625,middle,0.5417,CLAUSE_OR_CLAUSE_LIKE,2,0.8333,late,0.7917,SINGLE_WORD,1,2,B,SINGLE_WORD,1,CLAUSE_LEVEL,2,parsed_replacement,official,OTHER,early,clause_level,relative_marker,5,5,4,False,0.2083,1,1,2,1,5,5,2,1.25,1,change 'who' to 'whose',RELATIVE_CLAUSES,23,24,24,0,Practice Test E,ordered-PDF-geometry approximation; official PDF text layer has no reliable token offsets,ordered span anchors converted to token-index approximations,relative pronoun case (who vs. whose) before a possessed noun,E,incorrect_relative_marker,19
0.0952,sentence_initial,0.0476,SINGLE_WORD,1,0.3333,early,0.2857,SINGLE_WORD,1,0.619,middle,0.5714,SINGLE_WORD,1,0.8571,late,0.8095,SINGLE_WORD,1,2,D,SINGLE_WORD,1,SEMANTIC_OR_CONTEXT_DEPENDENT,2,parsed_replacement,official,VERB_FRAME,sentence_final,sentence_level,verb_phrase,4,5,4,False,0.1905,1,1,1,1,4,4,1,1,1,change 'locating' to 'located',VERB_FORM_VOICE,24,21,21,0,Practice Test E,ordered-PDF-geometry approximation; official PDF text layer has no reliable token offsets,ordered span anchors converted to token-index approximations,"active voice used where passive voice is required (is now located, not locating)",E,wrong_voice,17
0.1053,sentence_initial,0.0526,SINGLE_WORD,1,0.3684,early,0.3158,SINGLE_WORD,1,0.5789,middle,0.5263,SINGLE_WORD,1,0.8421,late,0.7895,SINGLE_WORD,1,1,D,SINGLE_WORD,1,LOCAL_SINGLE_TOKEN,6,parsed_replacement,official,WORD_ORDER,sentence_final,local,prepositional_phrase,4,3,4,False,0.2105,1,1,1,1,4,4,1,1,1,delete 'of' (change '90 of degrees' to '90 degrees'),WORD_ORDER_MODIFICATION,25,19,19,0,Practice Test E,ordered-PDF-geometry approximation; official PDF text layer has no reliable token offsets,ordered span anchors converted to token-index approximations,extraneous preposition between a number and a measurement noun ('90 of degrees' vs. '90 degrees'),E,extraneous_element,15
0.1,sentence_initial,0.05,SINGLE_WORD,1,0.35,early,0.3,SINGLE_WORD,1,0.6,middle,0.55,SINGLE_WORD,1,0.9,late,0.8,SHORT_PHRASE,2,2,B,SINGLE_WORD,1,LOCAL_SINGLE_TOKEN,2,parsed_replacement,official,VERB_FRAME,middle,local,adjective,4,4,4,False,0.25,1,1,1,2,5,5,2,1.25,1,change 'alignment' to 'aligned',VERB_COMPLEMENTATION,26,20,20,0,Practice Test E,ordered-PDF-geometry approximation; official PDF text layer has no reliable token offsets,ordered span anchors converted to token-index approximations,predicate adjective required after linking verb 'be' (noun 'alignment' used instead of adjective 'aligned'),E,incorrect_part_of_speech,15
0.0952,sentence_initial,0.0476,SINGLE_WORD,1,0.4762,early,0.2857,CLAUSE_OR_CLAUSE_LIKE,4,0.619,middle,0.5714,SINGLE_WORD,1,0.9048,late,0.8095,CLAUSE_OR_CLAUSE_LIKE,2,1,B,CLAUSE_OR_CLAUSE_LIKE,4,CLAUSE_LEVEL,2,parsed_replacement,official,AGREEMENT_DEPENDENCY,middle,clause_level,pronoun,4,2,4,False,0.381,1,4,1,2,8,8,4,2,1,change 'its' to 'their',REFERENCE_AND_DETERMINERS,27,21,21,0,Practice Test E,ordered-PDF-geometry approximation; official PDF text layer has no reliable token offsets,ordered span anchors converted to token-index approximations,"pronoun-antecedent number agreement (its vs. their, referring to a plural antecedent)",E,incorrect_reference,13
0.1176,sentence_initial,0.0588,SINGLE_WORD,1,0.4706,early,0.2941,CLAUSE_OR_CLAUSE_LIKE,3,0.5882,middle,0.5294,SINGLE_WORD,1,0.8824,late,0.8235,SINGLE_WORD,1,1,D,SINGLE_WORD,1,CLAUSE_LEVEL,3,parsed_replacement,official,VERB_FRAME,sentence_final,clause_level,verb_phrase,3,1,4,False,0.3529,1,3,1,1,6,6,3,1.5,1,change 'is derived' to 'derived',NONFINITE_VERB_PHRASES,28,17,17,0,Practice Test E,ordered-PDF-geometry approximation; official PDF text layer has no reliable token offsets,ordered span anchors converted to token-index approximations,finite verb incorrectly used where a reduced participial (relative) phrase is required ('energy derived from sunlight'),E,wrong_verb_form,11
0.125,sentence_initial,0.0625,SINGLE_WORD,1,0.375,early,0.3125,SINGLE_WORD,1,0.6875,middle,0.5625,SHORT_PHRASE,2,0.875,late,0.8125,SINGLE_WORD,1,1,B,SINGLE_WORD,1,DEPENDENCY_BASED,2,parsed_replacement,official,FUNCTION_WORD,middle,local,noun_phrase,3,3,2,False,0.3125,1,1,2,1,5,5,2,1.25,1,change 'emotions' to 'emotion',REFERENCE_AND_DETERMINERS,29,16,16,0,Practice Test E,ordered-PDF-geometry approximation; official PDF text layer has no reliable token offsets,ordered span anchors converted to token-index approximations,singular indefinite article with a plural noun (a powerful emotions vs. a powerful emotion),E,agreement_error,11
0.1176,sentence_initial,0.0588,SINGLE_WORD,1,0.4118,early,0.2941,CLAUSE_OR_CLAUSE_LIKE,2,0.6471,middle,0.5294,CLAUSE_OR_CLAUSE_LIKE,2,0.8824,late,0.8235,SINGLE_WORD,1,1,D,SINGLE_WORD,1,CLAUSE_LEVEL,2,parsed_replacement,official,WORD_CLASS,sentence_final,clause_level,adjective,3,2,3,False,0.3529,1,2,2,1,6,6,2,1.5,1,change 'politics' to 'political',PARALLEL_STRUCTURE,30,17,17,0,Practice Test E,ordered-PDF-geometry approximation; official PDF text layer has no reliable token offsets,ordered span anchors converted to token-index approximations,"parallel adjectives in a coordinate list modifying a noun (social, economic, and political issues)",E,incorrect_part_of_speech,11
0.1304,sentence_initial,0.0435,SHORT_PHRASE,2,0.3478,early,0.3043,SINGLE_WORD,1,0.6957,middle,0.5652,SHORT_PHRASE,3,0.8261,late,0.7826,SINGLE_WORD,1,2,D,SINGLE_WORD,1,LOCAL_SINGLE_TOKEN,2,parsed_replacement,official,VERB_FRAME,late,local,adjective,4,5,2,False,0.3043,2,1,3,1,7,7,3,1.75,1,change 'capability' to 'capable',VERB_COMPLEMENTATION,31,23,23,0,Practice Test E,ordered-PDF-geometry approximation; official PDF text layer has no reliable token offsets,ordered span anchors converted to token-index approximations,predicate adjective required after a noun phrase (capable of) instead of the noun 'capability',E,incorrect_part_of_speech,16
0.0952,sentence_initial,0.0476,SINGLE_WORD,1,0.3333,early,0.2857,SINGLE_WORD,1,0.619,middle,0.5714,SINGLE_WORD,1,0.8571,late,0.8095,SINGLE_WORD,1,2,C,SINGLE_WORD,1,CLAUSE_LEVEL,2,parsed_replacement,official,VERB_FRAME,sentence_final,clause_level,verb_phrase,4,5,4,False,0.1905,1,1,1,1,4,4,1,1,1,change 'cutting' to 'cut',VERB_FORM_VOICE,32,21,21,0,Practice Test E,ordered-PDF-geometry approximation; official PDF text layer has no reliable token offsets,ordered span anchors converted to token-index approximations,"active progressive used where passive voice is required (are not cut off, not cutting off)",E,wrong_voice,17
0.1333,sentence_initial,0.0667,SINGLE_WORD,1,0.3333,early,0.2667,SINGLE_WORD,1,0.6,middle,0.5333,SINGLE_WORD,1,0.8667,late,0.8,SINGLE_WORD,1,1,A,SINGLE_WORD,1,CLAUSE_LEVEL,2,parsed_replacement,official,MORPHOLOGY,sentence_initial,local,noun_phrase,2,3,3,False,0.2667,1,1,1,1,4,4,1,1,1,change 'Hot' to 'Heat',WORD_CLASS_FORM,33,15,15,0,Practice Test E,ordered-PDF-geometry approximation; official PDF text layer has no reliable token offsets,ordered span anchors converted to token-index approximations,"clause subject requires a noun form, not an adjective (Hot vs. Heat)",E,incorrect_part_of_speech,11
0.1111,sentence_initial,0.0741,SINGLE_WORD,1,0.3333,early,0.2963,SINGLE_WORD,1,0.5926,middle,0.5556,SINGLE_WORD,1,0.8889,late,0.8148,CLAUSE_OR_CLAUSE_LIKE,2,2,C,SINGLE_WORD,1,CLAUSE_LEVEL,2,parsed_replacement,official,OTHER,late,clause_level,noun_phrase,5,6,6,False,0.1852,1,1,1,2,5,5,2,1.25,1,change 'hear' to 'hearing',PARALLEL_STRUCTURE,34,27,27,0,Practice Test E,ordered-PDF-geometry approximation; official PDF text layer has no reliable token offsets,ordered span anchors converted to token-index approximations,"parallel nouns in a list of senses (sight, hearing, taste, touch, smell); a bare verb breaks the pattern",E,incorrect_part_of_speech,22
0.0909,sentence_initial,0.0455,SINGLE_WORD,1,0.3182,early,0.2727,SINGLE_WORD,1,0.5909,middle,0.5455,SINGLE_WORD,1,0.9091,late,0.8182,SHORT_PHRASE,2,1,A,SINGLE_WORD,1,DEPENDENCY_BASED,2,parsed_replacement,official,AGREEMENT_DEPENDENCY,sentence_initial,local,quantifier,4,5,5,False,0.2273,1,1,1,2,5,5,2,1.25,1,change 'many' to 'much',REFERENCE_AND_DETERMINERS,35,22,22,0,Practice Test E,ordered-PDF-geometry approximation; official PDF text layer has no reliable token offsets,ordered span anchors converted to token-index approximations,quantifier agreement with an uncountable noun ('as much as' vs. 'as many as' the income),E,agreement_error,17
0.1667,early,0.0833,SINGLE_WORD,1,0.3333,early,0.25,SINGLE_WORD,1,0.6667,middle,0.5833,SINGLE_WORD,1,0.9167,late,0.8333,SINGLE_WORD,1,1,B,SINGLE_WORD,1,LOCAL_SINGLE_TOKEN,2,parsed_replacement,official,VERB_FRAME,late,local,prepositional_phrase,1,3,2,False,0.3333,1,1,1,1,4,4,1,1,1,change 'by' to 'with',VERB_COMPLEMENTATION,36,12,12,0,Practice Test E,ordered-PDF-geometry approximation; official PDF text layer has no reliable token offsets,ordered span anchors converted to token-index approximations,"prepositional complementation of a passive verb ('associated with', not 'associated by')",E,wrong_preposition_collocation,8
0.0833,sentence_initial,0.0417,SINGLE_WORD,1,0.3333,early,0.2917,SINGLE_WORD,1,0.5833,middle,0.5417,SINGLE_WORD,1,0.8333,late,0.7917,SINGLE_WORD,1,2,B,SINGLE_WORD,1,LOCAL_SINGLE_TOKEN,3,parsed_replacement,official,WORD_ORDER,middle,local,noun_phrase,5,5,5,False,0.1667,1,1,1,1,4,4,1,1,1,change 'fort military' to 'military fort',WORD_ORDER_MODIFICATION,37,24,24,0,Practice Test E,ordered-PDF-geometry approximation; official PDF text layer has no reliable token offsets,ordered span anchors converted to token-index approximations,adjective-noun order within a noun phrase (military fort vs. fort military),E,wrong_word_order,20
0.1333,sentence_initial,0.0667,SINGLE_WORD,1,0.4,early,0.2667,CLAUSE_OR_CLAUSE_LIKE,2,0.6,middle,0.5333,SINGLE_WORD,1,0.8667,late,0.8,SINGLE_WORD,1,2,A,SINGLE_WORD,1,SEMANTIC_OR_CONTEXT_DEPENDENT,2,parsed_replacement,official,FUNCTION_WORD,early,cross_clause,noun_phrase,2,2,3,False,0.3333,1,2,1,1,5,5,2,1.25,1,change 'automobile' to 'automobiles',REFERENCE_AND_DETERMINERS,38,15,15,0,Practice Test E,ordered-PDF-geometry approximation; official PDF text layer has no reliable token offsets,ordered span anchors converted to token-index approximations,"singular noun lacking plural marking, mismatched with a later plural pronoun ('automobile' vs. 'automobiles' ... 'them')",E,agreement_error,10
0.0833,sentence_initial,0.0417,SINGLE_WORD,1,0.375,early,0.2917,CLAUSE_OR_CLAUSE_LIKE,2,0.5833,middle,0.5417,SINGLE_WORD,1,0.875,late,0.7917,CLAUSE_OR_CLAUSE_LIKE,2,1,C,SINGLE_WORD,1,CLAUSE_LEVEL,2,parsed_replacement,official,MORPHOLOGY,late,clause_level,noun_phrase,5,4,5,False,0.25,1,2,1,2,6,6,2,1.5,1,change 'intense' to 'intensity',PARALLEL_STRUCTURE,39,24,24,0,Practice Test E,ordered-PDF-geometry approximation; official PDF text layer has no reliable token offsets,ordered span anchors converted to token-index approximations,parallel nouns in a four-part 'by X' list; an adjective breaks the pattern (thematic intense vs. thematic intensity),E,incorrect_part_of_speech,18
0.1176,sentence_initial,0.0588,SINGLE_WORD,1,0.3529,early,0.2941,SINGLE_WORD,1,0.5882,middle,0.5294,SINGLE_WORD,1,0.8824,late,0.8235,SINGLE_WORD,1,2,D,SINGLE_WORD,1,CLAUSE_LEVEL,3,parsed_replacement,official,VERB_FRAME,sentence_final,clause_level,verb_phrase,3,3,4,False,0.2353,1,1,1,1,4,4,1,1,1,change 'have evaluated' to 'have been evaluated',VERB_FORM_VOICE,40,17,17,0,Practice Test E,ordered-PDF-geometry approximation; official PDF text layer has no reliable token offsets,ordered span anchors converted to token-index approximations,"active voice used where passive voice is required (have been evaluated, not have evaluated)",E,wrong_voice,13
0.1765,sentence_initial,0.0588,CLAUSE_OR_CLAUSE_LIKE,2,0.3529,early,0.2941,SINGLE_WORD,1,0.5882,middle,0.5294,SINGLE_WORD,1,0.8824,late,0.8235,SINGLE_WORD,1,1,D,SINGLE_WORD,1,CLAUSE_LEVEL,2,parsed_replacement,official,VERB_FRAME,sentence_final,clause_level,gerund_phrase,2,3,4,False,0.2941,2,1,1,1,5,5,2,1.25,1,change 'manage' to 'managing',PARALLEL_STRUCTURE,16,17,17,0,Practice Test F,ordered-PDF-geometry approximation; official PDF text layer has no reliable token offsets,ordered span anchors converted to token-index approximations,"parallel gerunds in a three-item coordinate list (breeding, feeding, and ___)",F,wrong_verb_form,12
0.087,sentence_initial,0.0435,SINGLE_WORD,1,0.3478,early,0.3043,SINGLE_WORD,1,0.6087,middle,0.5652,SINGLE_WORD,1,0.8261,late,0.7826,SINGLE_WORD,1,2,B,SINGLE_WORD,1,CLAUSE_LEVEL,2,parsed_replacement,official,MORPHOLOGY,early,local,adverb,5,5,4,False,0.1739,1,1,1,1,4,4,1,1,1,change 'rapidly' to 'rapid',WORD_CLASS_FORM,17,23,23,0,Practice Test F,ordered-PDF-geometry approximation; official PDF text layer has no reliable token offsets,ordered span anchors converted to token-index approximations,adverb wrongly used to modify a noun where an attributive adjective is required ('rapid drop'),F,incorrect_part_of_speech,19
0.0833,sentence_initial,0.0417,SINGLE_WORD,1,0.3333,early,0.2917,SINGLE_WORD,1,0.5833,middle,0.5417,SINGLE_WORD,1,0.9167,late,0.7917,CLAUSE_OR_CLAUSE_LIKE,3,1,C,SINGLE_WORD,1,CLAUSE_LEVEL,2,parsed_replacement,official,AGREEMENT_DEPENDENCY,late,clause_level,pronoun,5,5,5,False,0.25,1,1,1,3,6,6,3,1.5,1,change 'her' to 'their',REFERENCE_AND_DETERMINERS,18,24,24,0,Practice Test F,ordered-PDF-geometry approximation; official PDF text layer has no reliable token offsets,ordered span anchors converted to token-index approximations,"possessive pronoun-antecedent number agreement (her vs their, referring to plural 'infants')",F,incorrect_reference,18
0.0952,sentence_initial,0.0476,SINGLE_WORD,1,0.3333,early,0.2857,SINGLE_WORD,1,0.619,middle,0.5714,SINGLE_WORD,1,0.9524,sentence_final,0.8095,SHORT_PHRASE,3,1,B,SINGLE_WORD,1,LOCAL_SINGLE_TOKEN,2,parsed_replacement,official,AGREEMENT_DEPENDENCY,middle,local,adjective,4,5,4,False,0.2857,1,1,1,3,6,6,3,1.5,1,change 'regional' to 'region',WORD_CLASS_FORM,19,21,21,0,Practice Test F,ordered-PDF-geometry approximation; official PDF text layer has no reliable token offsets,ordered span anchors converted to token-index approximations,"adjective wrongly used as the head noun of a compound noun phrase ('River region', not 'River regional')",F,incorrect_part_of_speech,15
0.1053,sentence_initial,0.0526,SINGLE_WORD,1,0.3684,early,0.3158,SINGLE_WORD,1,0.5789,middle,0.5263,SINGLE_WORD,1,0.8947,late,0.7895,SHORT_PHRASE,2,2,C,SINGLE_WORD,1,DEPENDENCY_BASED,2,parsed_replacement,official,FUNCTION_WORD,late,local,noun_phrase,4,3,4,False,0.2632,1,1,1,2,5,5,2,1.25,1,change 'ships' to 'ship',REFERENCE_AND_DETERMINERS,20,19,19,0,Practice Test F,ordered-PDF-geometry approximation; official PDF text layer has no reliable token offsets,ordered span anchors converted to token-index approximations,"indefinite article 'a' requires a singular noun (a...ship, not a...ships)",F,agreement_error,14
0.087,sentence_initial,0.0435,SINGLE_WORD,1,0.3913,early,0.3043,CLAUSE_OR_CLAUSE_LIKE,2,0.6087,middle,0.5652,SINGLE_WORD,1,0.8261,late,0.7826,SINGLE_WORD,1,2,A,SINGLE_WORD,1,CLAUSE_LEVEL,2,parsed_replacement,official,AGREEMENT_DEPENDENCY,early,clause_level,noun_phrase,5,4,4,False,0.2174,1,2,1,1,5,5,2,1.25,1,change 'owner' to 'owners',VERB_COMPLEMENTATION,21,23,23,0,Practice Test F,ordered-PDF-geometry approximation; official PDF text layer has no reliable token offsets,ordered span anchors converted to token-index approximations,predicate nominative number agreement with a plural subject (owner vs owners after 'Wright Brothers were'),F,agreement_error,18
0.125,sentence_initial,0.0625,SINGLE_WORD,1,0.375,early,0.3125,SINGLE_WORD,1,0.625,middle,0.5625,SINGLE_WORD,1,0.875,late,0.8125,SINGLE_WORD,1,1,B,SINGLE_WORD,1,CLAUSE_LEVEL,3,parsed_replacement,official,WORD_CLASS,early,clause_level,noun_phrase,3,3,3,False,0.25,1,1,1,1,4,4,1,1,1,change 'color' to 'colorful' (or 'colored'),PARALLEL_STRUCTURE,22,16,16,0,Practice Test F,ordered-PDF-geometry approximation; official PDF text layer has no reliable token offsets,ordered span anchors converted to token-index approximations,"parallel adjectives in a coordinate list modifying a noun (bright, ___, opaque or transparent minerals)",F,incorrect_part_of_speech,12
0.1212,sentence_initial,0.0606,CLAUSE_OR_CLAUSE_LIKE,2,0.3636,early,0.303,CLAUSE_OR_CLAUSE_LIKE,2,0.5758,middle,0.5455,SINGLE_WORD,1,0.8485,late,0.7879,CLAUSE_OR_CLAUSE_LIKE,2,2,C,SINGLE_WORD,1,CLAUSE_LEVEL,2,parsed_replacement,official,VERB_FRAME,middle,clause_level,gerund_phrase,6,6,7,False,0.2121,2,2,1,2,7,7,2,1.75,1,change 'interpretation' to 'interpreting',PARALLEL_STRUCTURE,23,33,33,0,Practice Test F,ordered-PDF-geometry approximation; official PDF text layer has no reliable token offsets,ordered span anchors converted to token-index approximations,parallel gerunds joined by 'and' after a preposition (discovering and interpreting),F,wrong_verb_form,26
0.125,sentence_initial,0.0625,SINGLE_WORD,1,0.375,early,0.3125,SINGLE_WORD,1,0.625,middle,0.5625,SINGLE_WORD,1,0.875,late,0.8125,SINGLE_WORD,1,1,B,SINGLE_WORD,1,DEPENDENCY_BASED,2,parsed_replacement,official,FUNCTION_WORD,early,local,noun_phrase,3,3,3,False,0.25,1,1,1,1,4,4,1,1,1,change 'nurse' to 'nurses',REFERENCE_AND_DETERMINERS,24,16,16,0,Practice Test F,ordered-PDF-geometry approximation; official PDF text layer has no reliable token offsets,ordered span anchors converted to token-index approximations,"bare plural noun required in a compound noun phrase (women nurses, not women nurse)",F,agreement_error,12
0.087,sentence_initial,0.0435,SINGLE_WORD,1,0.3913,early,0.3043,CLAUSE_OR_CLAUSE_LIKE,2,0.6087,middle,0.5652,SINGLE_WORD,1,0.8261,late,0.7826,SINGLE_WORD,1,1,B,CLAUSE_OR_CLAUSE_LIKE,2,CLAUSE_LEVEL,2,parsed_replacement,official,VERB_FRAME,middle,clause_level,gerund_phrase,5,4,4,False,0.2174,1,2,1,1,5,5,2,1.25,1,change 'spend' to 'spending',PARALLEL_STRUCTURE,25,23,23,0,Practice Test F,ordered-PDF-geometry approximation; official PDF text layer has no reliable token offsets,ordered span anchors converted to token-index approximations,"parallel nouns/gerunds in a three-item list (rising unemployment, less ___, and meager business investments)",F,wrong_verb_form,18
0.1429,sentence_initial,0.0714,SINGLE_WORD,1,0.3571,early,0.2857,SINGLE_WORD,1,0.6429,middle,0.5714,SINGLE_WORD,1,0.8571,late,0.7857,SINGLE_WORD,1,1,B,SINGLE_WORD,1,DEPENDENCY_BASED,2,parsed_replacement,official,FUNCTION_WORD,early,local,determiner,2,3,2,False,0.2857,1,1,1,1,4,4,1,1,1,change 'a' to 'an',REFERENCE_AND_DETERMINERS,26,14,14,0,Practice Test F,ordered-PDF-geometry approximation; official PDF text layer has no reliable token offsets,ordered span anchors converted to token-index approximations,"article selection before a vowel sound (an understanding, not a understanding)",F,agreement_error,10
0.1111,sentence_initial,0.0741,SINGLE_WORD,1,0.3333,early,0.2963,SINGLE_WORD,1,0.5926,middle,0.5556,SINGLE_WORD,1,0.8519,late,0.8148,SINGLE_WORD,1,3,A,SINGLE_WORD,1,LOCAL_SINGLE_TOKEN,2,parsed_replacement,official,VERB_FRAME,early,local,prepositional_phrase,5,6,6,False,0.1481,1,1,1,1,4,4,1,1,1,change 'of' to 'in',VERB_COMPLEMENTATION,27,27,27,0,Practice Test F,ordered-PDF-geometry approximation; official PDF text layer has no reliable token offsets,ordered span anchors converted to token-index approximations,"adjective + preposition collocation ('rich in', not 'rich of')",F,wrong_preposition_collocation,23
0.1,sentence_initial,0.05,SINGLE_WORD,1,0.35,early,0.3,SINGLE_WORD,1,0.6,middle,0.55,SINGLE_WORD,1,0.85,late,0.8,SINGLE_WORD,1,2,A,SINGLE_WORD,1,DEPENDENCY_BASED,2,parsed_replacement,official,FUNCTION_WORD,sentence_initial,local,noun_phrase,4,4,4,False,0.2,1,1,1,1,4,4,1,1,1,change 'styles' to 'style',REFERENCE_AND_DETERMINERS,28,20,20,0,Practice Test F,ordered-PDF-geometry approximation; official PDF text layer has no reliable token offsets,ordered span anchors converted to token-index approximations,"distributive quantifier 'each' requires a singular noun (each major style, not styles)",F,agreement_error,16
0.1765,sentence_initial,0.0588,SHORT_PHRASE,2,0.3529,early,0.2941,SINGLE_WORD,1,0.5882,middle,0.5294,SINGLE_WORD,1,0.8824,late,0.8235,SINGLE_WORD,1,1,B,SINGLE_WORD,1,LOCAL_SINGLE_TOKEN,2,parsed_replacement,official,VERB_FRAME,early,local,prepositional_phrase,2,3,4,False,0.2941,2,1,1,1,5,5,2,1.25,1,change 'for' to 'to',VERB_COMPLEMENTATION,29,17,17,0,Practice Test F,ordered-PDF-geometry approximation; official PDF text layer has no reliable token offsets,ordered span anchors converted to token-index approximations,"past-participle + preposition collocation ('related to', not 'related for')",F,wrong_preposition_collocation,12
0.0952,sentence_initial,0.0476,SINGLE_WORD,1,0.3333,early,0.2857,SINGLE_WORD,1,0.619,middle,0.5714,SINGLE_WORD,1,0.8571,late,0.8095,SINGLE_WORD,1,2,C,SINGLE_WORD,1,LOCAL_SINGLE_TOKEN,1,parsed_deletion,official,VERB_FRAME,late,local,adverb,4,5,4,False,0.1905,1,1,1,1,4,4,1,1,1,delete 'together',NONFINITE_VERB_PHRASES,30,21,21,0,Practice Test F,ordered-PDF-geometry approximation; official PDF text layer has no reliable token offsets,ordered span anchors converted to token-index approximations,extraneous adverb interrupting a participial phrase and its object (starring together Humphrey Bogart),F,extraneous_element,17
0.1538,sentence_initial,0.0769,SINGLE_WORD,1,0.4615,early,0.3077,CLAUSE_OR_CLAUSE_LIKE,2,0.6923,middle,0.5385,CLAUSE_OR_CLAUSE_LIKE,2,0.8462,late,0.7692,SINGLE_WORD,1,2,A,SINGLE_WORD,1,CLAUSE_LEVEL,2,parsed_replacement,official,MORPHOLOGY,early,cross_clause,comparative_marker,2,1,1,False,0.4615,1,2,2,1,6,6,2,1.5,1,change 'very' to 'so',COMPARATIVES_DEGREE,31,13,13,0,Practice Test F,ordered-PDF-geometry approximation; official PDF text layer has no reliable token offsets,ordered span anchors converted to token-index approximations,degree word + result clause: 'so...that' required instead of 'very...that',F,wrong_degree_form,7
0.1176,sentence_initial,0.0588,SINGLE_WORD,1,0.3529,early,0.2941,SINGLE_WORD,1,0.7059,middle,0.5294,SHORT_PHRASE,3,0.8824,late,0.8235,SINGLE_WORD,1,2,D,SINGLE_WORD,1,CLAUSE_LEVEL,2,parsed_replacement,official,CLAUSE_RELATION,sentence_final,local,conjunction,3,3,2,False,0.3529,1,1,3,1,6,6,3,1.5,1,change 'if' to 'during',CONNECTORS_CONJUNCTIONS,32,17,17,0,Practice Test F,ordered-PDF-geometry approximation; official PDF text layer has no reliable token offsets,ordered span anchors converted to token-index approximations,subordinating conjunction 'if' used where a preposition is required before a bare noun phrase (during heavy rains),F,incorrect_subordinator,11
0.1304,sentence_initial,0.0435,CLAUSE_OR_CLAUSE_LIKE,2,0.3913,early,0.3043,CLAUSE_OR_CLAUSE_LIKE,2,0.6957,middle,0.5652,CLAUSE_OR_CLAUSE_LIKE,3,0.8261,late,0.7826,SINGLE_WORD,1,3,C,CLAUSE_OR_CLAUSE_LIKE,3,CLAUSE_LEVEL,2,parsed_replacement,official,FUNCTION_WORD,late,sentence_level,relative_marker,4,4,2,False,0.3478,2,2,3,1,8,8,3,2,1,change 'what' to 'which',RELATIVE_CLAUSES,33,23,23,0,Practice Test F,ordered-PDF-geometry approximation; official PDF text layer has no reliable token offsets,ordered span anchors converted to token-index approximations,"relative pronoun choice after a preposition (for which, not for what), referring to a previously named noun",F,incorrect_relative_marker,15
0.0952,sentence_initial,0.0476,SINGLE_WORD,1,0.3333,early,0.2857,SINGLE_WORD,1,0.619,middle,0.5714,SINGLE_WORD,1,0.8571,late,0.8095,SINGLE_WORD,1,1,D,SINGLE_WORD,1,DEPENDENCY_BASED,4,parsed_replacement,official,FUNCTION_WORD,sentence_final,local,determiner,4,5,4,False,0.1905,1,1,1,1,4,4,1,1,1,change 'of own species' to 'of their own species',REFERENCE_AND_DETERMINERS,34,21,21,0,Practice Test F,ordered-PDF-geometry approximation; official PDF text layer has no reliable token offsets,ordered span anchors converted to token-index approximations,missing possessive determiner before 'own' (their own species),F,missing_required_element,17
0.1875,sentence_initial,0.0625,CLAUSE_OR_CLAUSE_LIKE,2,0.4375,early,0.3125,CLAUSE_OR_CLAUSE_LIKE,2,0.625,middle,0.5625,SINGLE_WORD,1,0.9375,sentence_final,0.8125,CLAUSE_OR_CLAUSE_LIKE,2,1,B,CLAUSE_OR_CLAUSE_LIKE,2,CLAUSE_LEVEL,6,parsed_replacement,official,LOCAL_PHRASE,middle,clause_level,verb_phrase,2,2,3,False,0.4375,2,2,1,2,7,7,2,1.75,1,delete 'it' (change 'make it possible' to 'make possible'),CLAUSE_STRUCTURE,35,16,16,0,Practice Test F,ordered-PDF-geometry approximation; official PDF text layer has no reliable token offsets,ordered span anchors converted to token-index approximations,extraneous anticipatory pronoun 'it' duplicating a following noun-phrase object (make it possible NP),F,extraneous_element,9
0.125,sentence_initial,0.0625,SINGLE_WORD,1,0.375,early,0.3125,SINGLE_WORD,1,0.625,middle,0.5625,SINGLE_WORD,1,0.9375,sentence_final,0.8125,CLAUSE_OR_CLAUSE_LIKE,2,2,B,SINGLE_WORD,1,LOCAL_SINGLE_TOKEN,3,parsed_replacement,official,WORD_ORDER,middle,local,participial_phrase,3,3,3,False,0.3125,1,1,1,2,5,5,2,1.25,1,change 'folded irregularly' to 'irregularly folded',WORD_ORDER_MODIFICATION,36,16,16,0,Practice Test F,ordered-PDF-geometry approximation; official PDF text layer has no reliable token offsets,ordered span anchors converted to token-index approximations,"adverb + past-participle premodifier word order (irregularly folded, not folded irregularly)",F,wrong_word_order,11
0.12,sentence_initial,0.08,SINGLE_WORD,1,0.32,early,0.28,SINGLE_WORD,1,0.6,middle,0.56,SINGLE_WORD,1,0.84,late,0.8,SINGLE_WORD,1,2,B,SINGLE_WORD,1,CLAUSE_LEVEL,2,parsed_replacement,official,AGREEMENT_DEPENDENCY,late,clause_level,noun_phrase,4,6,5,False,0.16,1,1,1,1,4,4,1,1,1,change 'cardinals' to 'cardinal',CLAUSE_STRUCTURE,37,25,25,0,Practice Test F,ordered-PDF-geometry approximation; official PDF text layer has no reliable token offsets,ordered span anchors converted to token-index approximations,subject-verb-pronoun agreement (a plural subject noun conflicts with a singular verb and pronoun elsewhere in the clause),F,agreement_error,21
0.1176,sentence_initial,0.0588,SINGLE_WORD,1,0.3529,early,0.2941,SINGLE_WORD,1,0.5882,middle,0.5294,SINGLE_WORD,1,0.8824,late,0.8235,SINGLE_WORD,1,2,A,SINGLE_WORD,1,SEMANTIC_OR_CONTEXT_DEPENDENT,5,parsed_replacement,official,FUNCTION_WORD,sentence_initial,local,determiner,3,3,4,False,0.2353,1,1,1,1,4,4,1,1,1,delete 'The' (change 'The astronomy' to 'Astronomy'),REFERENCE_AND_DETERMINERS,38,17,17,0,Practice Test F,ordered-PDF-geometry approximation; official PDF text layer has no reliable token offsets,ordered span anchors converted to token-index approximations,"extraneous definite article before a generic academic-discipline noun (Astronomy, not The astronomy)",F,extraneous_element,13
0.1,sentence_initial,0.05,SINGLE_WORD,1,0.4,early,0.3,SHORT_PHRASE,2,0.65,middle,0.55,SHORT_PHRASE,2,0.85,late,0.8,SINGLE_WORD,1,2,D,SINGLE_WORD,1,SEMANTIC_OR_CONTEXT_DEPENDENT,5,parsed_replacement,official,FUNCTION_WORD,sentence_final,local,noun_phrase,4,3,3,False,0.3,1,2,2,1,6,6,2,1.5,1,delete 'the' (change 'the nature' to 'nature'),REFERENCE_AND_DETERMINERS,39,20,20,0,Practice Test F,ordered-PDF-geometry approximation; official PDF text layer has no reliable token offsets,ordered span anchors converted to token-index approximations,"extraneous definite article before an abstract uncountable noun used generically (nature, not the nature)",F,extraneous_element,14
0.1333,sentence_initial,0.0667,SINGLE_WORD,1,0.3333,early,0.2667,SINGLE_WORD,1,0.6,middle,0.5333,SINGLE_WORD,1,0.9333,sentence_final,0.8,CLAUSE_OR_CLAUSE_LIKE,2,1,A,SINGLE_WORD,1,CLAUSE_LEVEL,2,parsed_replacement,official,AGREEMENT_DEPENDENCY,early,local,verb_phrase,2,3,3,False,0.3333,1,1,1,2,5,5,2,1.25,1,change 'serve' to 'serves',CLAUSE_STRUCTURE,40,15,15,0,Practice Test F,ordered-PDF-geometry approximation; official PDF text layer has no reliable token offsets,ordered span anchors converted to token-index approximations,subject-verb agreement with a singular uncountable-noun subject joined by 'or' (bullion...serves),F,agreement_error,10
