source_id,question_number,section_type,primary_target,subtype,secondary_features,sentence_word_count,clause_count,correct_answer,correct_answer_reason,A_is_correct,A_error_type,A_error_explanation,B_is_correct,B_error_type,B_error_explanation,C_is_correct,C_error_type,C_error_explanation,D_is_correct,D_error_type,D_error_explanation,vocabulary_domain,syntactic_complexity,distractor_similarity,estimated_difficulty_ai,taxonomy_issue,taxonomy_issue_reason
Practice Test B,1,Structure,VERB_COMPLEMENTATION,predicate nominative after linking verb (be + NP),article_usage;reduced_relative_clause_modifying_object,22,1,A,"The correctly articled noun phrase serves as the subject complement of the linking verb 'is', matching the pattern 'is the source of X'.",True,,,False,missing_required_element,"Omits the article before the noun and substitutes 'as', which cannot function as a copular complement marker.",False,extraneous_element,"Adds a relative pronoun ('which') with no following clause, leaving a dangling fragment after the noun.",False,incorrect_subordinator,"Inserts 'because' after the linking verb, which is not licensed by the sentence structure and breaks the complement pattern.",forestry/natural resources,2,3,2,False,
Practice Test B,2,Structure,COMPARATIVES_DEGREE,adjective + enough + to-infinitive result construction,infinitive_of_result;relative_clause_on_subject,18,2,A,"'enough' correctly follows the adjective and precedes the to-infinitive, forming the idiomatic degree + result structure.",True,,,False,wrong_complementation,A bare comparative lacks a comparison object and cannot be followed directly by the infinitive of result.,False,wrong_complementation,"'so + adjective' requires a that-clause to express result, not a bare to-infinitive.",False,wrong_complementation,'as...as' requires an explicit comparison target and is incompatible with the following infinitive.,technology/everyday objects,2,4,3,False,
Practice Test B,3,Structure,NOUN_CLAUSES,embedded question (wh-word) word order,infinitive_purpose_clause,25,2,B,"Normal subject-verb order is preserved inside the embedded noun clause introduced by 'what', as required for indirect questions.",False,wrong_word_order,"Applies direct-question subject-auxiliary inversion inside an embedded clause, where it is not permitted.",True,,,False,wrong_voice,"Switches to passive voice, reversing the logical agent-experiencer relationship intended by the sentence.",False,extraneous_element,"Adds the conjunction 'as', which is not licensed inside the noun clause introduced by 'what'.",education,3,3,3,False,
Practice Test B,4,Structure,VERB_COMPLEMENTATION,object complement after causative verb (make + O + Adj),article_usage,14,1,D,Object pronoun plus bare adjective correctly forms the object-complement pattern required after the causative verb 'makes'.,False,extraneous_element,"Inserts a second finite verb after the causative verb, producing an ungrammatical double predicate.",False,wrong_complementation,"Reinterprets the pronoun as the subject of a new transitive verb, abandoning the required object-complement pattern.",False,incorrect_part_of_speech,"Adds an article before the adjective as though it were a noun, which is ungrammatical for a bare adjective complement.",True,,,physical science/optics,2,4,3,False,
Practice Test B,5,Structure,CLAUSE_STRUCTURE,main clause (subject + finite verb) identification,elliptical_adverbial_clause,10,2,A,"Only this option supplies a genuine subject plus finite verb, forming the sentence's required independent clause.",True,,,False,fragment,"The subordinator 'That' converts the clause into a noun clause, leaving the sentence without an independent main clause.",False,fragment,"The relative pronoun 'who' subordinates the verb into a relative clause modifying the noun, so no main verb remains.",False,fragment,"'For...to' forms a non-finite infinitive phrase, which cannot serve as the sentence's main predicate.",academic biography/science,2,4,3,False,
Practice Test B,6,Structure,RELATIVE_CLAUSES,non-restrictive relative clause with parallel coordinate predicate,parallel_structure_with_coordinate_verb,25,2,B,"The relative pronoun plus linking verb supplies the verb needed to parallel the coordinate verb later in the clause, correctly forming the non-restrictive relative clause.",False,incorrect_relative_marker,"The possessive relative pronoun requires an immediately following noun, which is absent here.",True,,,False,incorrect_relative_marker,This word combination is not a valid relative-clause opener and does not connect grammatically to the main clause.,False,missing_required_element,"Omits the linking verb, leaving the first conjunct without a verb and breaking parallelism with the coordinate verb.",botany,4,3,3,False,
Practice Test B,7,Structure,WORD_ORDER_MODIFICATION,appositive noun phrase placement and internal word order,adjective_noun_order,19,1,D,A correctly ordered article + adjective + noun phrase functions as an appositive describing the sentence's subject.,False,wrong_word_order,Internal word order is faulty and leaves an incomplete relative-clause fragment attached to the noun phrase.,False,extraneous_element,"Inserting a finite verb creates an extra, ungrammatical predicate before the sentence's actual subject and verb.",False,wrong_word_order,Reverses standard adjective-noun order.,True,,,arts/music biography,2,3,2,False,
Practice Test B,8,Structure,ADVERBIAL_CLAUSES,time clause introduced by 'when',relative_clause_on_object;intransitive_verb_complementation,22,3,B,A time adverbial clause correctly introduced by the subordinator modifies the preceding intransitive verb.,False,wrong_complementation,A noun phrase with an embedded relative clause cannot serve as the adverbial complement required by the intransitive verb.,True,,,False,wrong_word_order,Uses inverted question word order where a subordinate declarative clause is required.,False,missing_required_element,A bare participial phrase cannot follow the verb without a subordinating conjunction to connect it.,earth science/paleontology,4,3,3,False,
Practice Test B,9,Structure,CONNECTORS_CONJUNCTIONS,elliptical comparative connector 'as' vs. subordinator/adverb,ellipsis;preposition_vs_conjunction_distinction,15,1,A,The elliptical comparative phrase correctly links the following example to the main clause via a preposition-like connector.,True,,,False,incorrect_subordinator,"Wrongly implies causation and, lacking a subject-verb pair after it, leaves a fragment.",False,missing_required_element,"Requires a following finite clause with a verb, which is missing.",False,incorrect_part_of_speech,An adverb is used where a preposition is needed to govern the following noun phrase.,art/sculpture,2,3,3,False,
Practice Test B,10,Structure,NONFINITE_VERB_PHRASES,reduced passive relative clause (past participle modifying noun),passive_voice;reduced_relative_clause,25,2,D,The past participle correctly forms a reduced passive relative clause modifying the preceding noun.,False,wrong_verb_form,The infinitive wrongly suggests purpose rather than describing something already provided.,False,missing_required_element,Lacks the relative pronoun and auxiliary needed to license a bare 'be + participle' modifier.,False,wrong_voice,The active present participle reverses the intended passive relationship between the noun and the agent.,True,,,government/US history,3,4,3,False,
Practice Test B,11,Structure,NONFINITE_VERB_PHRASES,participial phrase of result ('thereby' + -ing),result_expression,14,1,C,The participial phrase correctly expresses the result of the preceding clause without requiring its own subject or conjunction.,False,fragment,"A bare verb form cannot attach after a comma without a subject or connector, producing a fragment.",False,wrong_complementation,Coordinates a conjunction with an infinitive where the finite verb of the main clause requires a parallel non-finite result form instead.,True,,,False,double_subject,"Combines a relative pronoun with a redundant pronoun, duplicating the subject of the clause.",biology/health science,2,3,3,False,
Practice Test B,12,Structure,INVERSION,subject-auxiliary inversion after fronted negative adverbial ('Not until...'),passive_voice;past_perfect_tense,16,2,C,"The fronted negative adverbial requires subject-auxiliary inversion in the main clause, which this option correctly applies.",False,extraneous_element,Adds a redundant wh-word that does not fit the required inverted structure.,False,incorrect_subordinator,Introduces a noun clause instead of the inverted main clause the fronted negative requires.,True,,,False,fragment,A bare noun phrase cannot serve as the finite main clause the sentence requires.,geography/natural landmarks,4,3,4,False,
Practice Test B,13,Structure,NONFINITE_VERB_PHRASES,infinitive modifying ordinal/superlative noun ('the first...to'),relative_clause_on_subject,25,2,C,"The infinitive correctly modifies the preceding ordinal noun phrase, matching the idiomatic 'the first [noun] to [verb]' pattern.",False,double_subject,"Adds a redundant pronoun alongside the relative-pronoun function of 'that', duplicating the subject.",False,extraneous_element,"A finite verb here conflicts with the sentence's main verb later on, producing two unconnected predicates.",True,,,False,wrong_verb_form,"A gerund is used instead of the required infinitive, and a redundant object pronoun is added.",US history/exploration,3,3,3,False,
Practice Test B,14,Structure,WORD_ORDER_MODIFICATION,noun + postpositive adjective phrase word order,participial_phrase_modifier,23,1,D,"The head noun is placed first, followed by the adjective phrase that logically and grammatically modifies it.",False,wrong_word_order,Reverses the required noun-adjective-prepositional phrase sequence into an ungrammatical order.,False,missing_required_element,"Omits the head noun, leaving the adjective with nothing to modify.",False,wrong_word_order,"Reverses the two nouns, producing an illogical and ungrammatical phrase.",True,,,theater/literature,3,4,4,False,
Practice Test B,15,Structure,EXISTENTIAL_EXPLETIVE,expletive 'there + be' construction vs. pronoun/determiner,relative_clause_on_appositive;appositive_phrase,19,2,B,The expletive 'there + be' construction correctly introduces the existence of the following plural noun phrase.,False,incorrect_reference,"The pronoun has no preceding noun to serve as its antecedent, making the reference invalid.",True,,,False,fragment,A prepositional fragment cannot begin an independent clause.,False,missing_required_element,A bare determiner cannot function as a subject without an immediately following noun that completes the sentence.,geography/economics,3,2,2,False,
Practice Test C,1,Structure,VERB_COMPLEMENTATION,predicate nominative after linking verb (be + NP),prepositional_phrase_adjunct;superlative_construction,14,1,D,A correctly ordered adjective + superlative + noun phrase serves as the subject complement of the linking verb 'is'.,False,extraneous_element,"Inserts a second finite verb ('is') after the noun, producing an ungrammatical double predicate.",False,missing_required_element,Adds a relative pronoun but omits the verb the relative clause needs (e.g. 'that is most abundant').,False,extraneous_element,"Adds a relative pronoun after the complete noun phrase with no following clause, leaving a dangling fragment.",True,,,geology/mineralogy,2,4,2,False,
Practice Test C,2,Structure,NONFINITE_VERB_PHRASES,gerund vs. infinitive complement selection (continue + to-infinitive),reduced_participial_phrase_modifier;parallel_noun_phrases,19,1,C,"The to-infinitive correctly completes the verb 'continues', matching the idiomatic 'continue to V' complement pattern.",False,wrong_complementation,'for' plus a gerund is not licensed as the complement of 'continues'.,False,incorrect_part_of_speech,Substitutes a noun for the required verb form after 'continues'.,True,,,False,wrong_verb_form,A bare verb form is used where the infinitive marker 'to' is required.,linguistics,2,3,3,False,
Practice Test C,3,Structure,ADVERBIAL_CLAUSES,conditional/time clause introduced by 'whenever',comparative_clause_ellipsis;participial_phrase_modifier,22,3,B,The subordinator correctly heads a full finite clause (subject + verb) expressing the indefinite-time/condition relation to the main clause.,False,incorrect_part_of_speech,A participle is used where a subordinating conjunction is required to head the clause.,True,,,False,wrong_word_order,"Inserts an extra subject and modal between the subordinator and the clause's actual subject, scrambling the expected order.",False,missing_required_element,A bare verb form cannot connect the following clause to the sentence; no subordinating conjunction is supplied.,earth science/hydrology,4,3,4,False,
Practice Test C,4,Structure,WORD_ORDER_MODIFICATION,adjective order within a noun phrase (direct object),gerund_phrase_of_purpose,16,1,C,The article + adjective + noun sequence correctly forms the direct object of the transitive verb 'devised'.,False,extraneous_element,"Adds a preposition before the noun phrase, blocking it from functioning as the required direct object.",False,extraneous_element,"Inserts a full finite clause where a noun phrase object is required, creating an ungrammatical double predicate.",True,,,False,wrong_word_order,Reverses the expected adjective-noun order and strands the adjective after 'of' with no noun following.,geophysics/seismology,2,3,2,False,
Practice Test C,5,Structure,CLAUSE_STRUCTURE,main clause (subject + finite verb) identification,prepositional_phrase_time_adjunct,20,1,C,Only this option supplies the finite verb needed to complete the sentence's sole independent clause.,False,fragment,"The relative pronoun 'who' subordinates the verb into a relative clause, leaving no main verb for the sentence.",False,fragment,The gerund plus relative-pronoun combination is non-finite and cannot serve as the sentence's main predicate.,True,,,False,fragment,The infinitive form is non-finite and cannot function as the required main verb.,US social/economic history,2,4,2,False,
Practice Test C,6,Structure,WORD_ORDER_MODIFICATION,word order within fixed exemplifying phrase ('of such things as'),parallel_noun_phrases_in_list;present_perfect_tense,21,1,A,The words are ordered correctly to form the fixed exemplifying phrase governing the following list of nouns.,True,,,False,wrong_word_order,Rearranges the same four words into an order that is not a valid English phrase.,False,wrong_word_order,"Places the preposition after the noun it should precede, producing an invalid sequence.",False,wrong_word_order,Scrambles the four words into a sequence with no grammatical reading.,materials science/manufacturing,2,5,3,False,
Practice Test C,7,Structure,NOUN_CLAUSES,embedded question with infinitive (wh-word + to-infinitive),that_clause_as_subject_complement;modal_need_not,21,2,B,The wh-word correctly introduces the embedded infinitival question functioning as the object of 'tell readers'.,False,incorrect_subordinator,"Uses a relative pronoun rather than the interrogative word required to introduce the embedded question, paired with the wrong non-finite form.",True,,,False,incorrect_subordinator,'that' cannot introduce an embedded question in this position; a wh-word is required.,False,wrong_word_order,"Places the wh-word after the infinitive instead of before it, reversing the required embedded-question order.",literary criticism,3,4,4,False,
Practice Test C,8,Structure,RELATIVE_CLAUSES,non-restrictive relative clause with correct relative pronoun and verb,parallel_coordinate_verbs_in_main_clause;non_restrictive_relative_clause,21,2,C,The relative pronoun plus finite verb correctly forms the non-restrictive relative clause modifying the subject.,False,missing_required_element,"Omits the relative pronoun needed to subordinate this verb, leaving an unconnected second finite verb.",False,double_subject,"Adds a redundant pronoun alongside the relative pronoun, duplicating the subject of the clause.",True,,,False,incorrect_relative_marker,'of which' is not licensed directly before a verb in this position.,anatomy/biology,3,4,3,False,
Practice Test C,9,Structure,CONNECTORS_CONJUNCTIONS,contrast connector selection (although vs. despite vs. however),parallel_prepositional_phrases;present_perfect_tense,23,2,D,The subordinating conjunction correctly introduces a full concessive clause expressing the contrast intended by the sentence.,False,incorrect_subordinator,"Combines two connector words, wrongly implying a temporal relation rather than the intended contrast.",False,incorrect_subordinator,Functions as a temporal boundary phrase rather than a connector expressing the required contrast.,False,wrong_complementation,"This connector is a preposition requiring a noun phrase, not a full clause with its own subject and verb.",True,,,furniture/design history,3,3,3,False,
Practice Test C,10,Structure,CLAUSE_STRUCTURE,main clause (subject + finite verb) identification,infinitive_of_purpose;subordinate_time_clause,23,2,C,The subject noun phrase plus finite verb correctly forms the sentence's required main clause.,False,fragment,A non-finite participial phrase cannot serve as the sentence's main predicate.,False,fragment,"The relative pronoun subordinates the verb into a relative clause, leaving the sentence without a main verb.",True,,,False,missing_required_element,"This option is a bare noun phrase with no verb at all, leaving the clause without a predicate.",chemistry/combustion,3,4,3,False,
Practice Test C,11,Structure,RELATIVE_CLAUSES,relative clause introduced by 'where' with passive voice parallel to elliptical comparative ('than is gained'),elliptical_comparative_clause;relative_clause_introduced_by_where;passive_voice,17,3,D,The subject plus passive verb correctly completes the relative clause and parallels the passive form in the following elliptical comparative.,False,fragment,A bare noun phrase with no finite verb cannot complete the relative clause introduced by 'where'.,False,missing_required_element,"The verb lacks a subject, leaving the relative clause incomplete.",False,wrong_word_order,Applies inverted question-style order in a position that requires ordinary declarative subject-verb order.,True,,,earth science/desert ecology,4,4,4,False,
Practice Test C,12,Structure,REFERENCE_AND_DETERMINERS,quantifier 'both' as pre-determiner directly modifying plural noun,parallel_prepositional_phrases;gerund_object_of_preposition,17,2,B,"The quantifier directly precedes the plural noun it modifies, forming the correct pre-determiner pattern.",False,extraneous_element,"Adds a definite article before the quantifier, which is not permitted in this pre-determiner position.",True,,,False,missing_required_element,"Requires a determiner such as 'the' after 'of', which is missing before the bare plural noun.",False,extraneous_element,Adds a coordinating conjunction that is not licensed after the preceding comma and subordinate clause.,zoology/ornithology,2,4,2,False,
Practice Test C,13,Structure,INVERSION,subject-auxiliary inversion after fronted correlative 'not only' (not only...but also),relative_clause_on_object;correlative_conjunction_not_only_but_also,19,3,A,"The fronted correlative 'Not only' requires subject-auxiliary inversion, which this option correctly supplies.",True,,,False,fragment,"Supplies only the subject with no verb, leaving the clause without a predicate.",False,fragment,Adds a quantifier before the subject but still supplies no verb for the clause.,False,wrong_word_order,Uses ordinary declarative subject-verb order instead of the inversion required after the fronted correlative.,zoology/marine biology,4,3,4,False,
Practice Test C,14,Structure,INVERSION,inversion after fronted prepositional/source phrase,coordinate_independent_clauses;pronoun_reference_them,16,2,A,"The fronted prepositional phrase triggers inversion of the finite verb and subject, correctly forming the second coordinate clause.",True,,,False,wrong_complementation,Treats the intransitive verb as if it took a direct object and supplies no subject for the clause.,False,fragment,The infinitive is non-finite and cannot serve as the second coordinate main verb.,False,wrong_voice,"Passivizes a verb that does not take this passive construction, producing an illogical reading.",zoology/evolutionary biology,3,3,4,False,
Practice Test C,15,Structure,EXISTENTIAL_EXPLETIVE,expletive 'there + be' construction vs. pronoun/determiner,concessive_clause_although;coordinate_independent_clauses,20,3,C,The expletive 'there + be' construction correctly introduces the existence of the following plural quantity phrase.,False,missing_required_element,Omits the expletive subject and verb needed to open the independent clause.,False,fragment,Combines a wh-word with an adverb in a way that produces no valid clause opener.,True,,,False,missing_required_element,Adds a definite article before the number but still supplies no verb for the clause.,marine biology/zoology,4,3,3,False,
Practice Test D,1,Structure,CLAUSE_STRUCTURE,main clause (subject + finite verb) identification in coordinate clause,parallel_tense_with_coordinate_clause;coordinating_conjunction_but,11,2,A,"The bare present-tense verb supplies the finite predicate needed for the subject 'others', matching the present tense of the coordinate verb 'lay' in the first clause.",True,,,False,fragment,"The present participle cannot serve as the finite verb the second coordinate clause requires, leaving it without a predicate.",False,double_subject,"Adds a redundant pronoun subject alongside the existing subject 'others', duplicating the subject slot.",False,fragment,The perfect infinitive is non-finite and cannot function as the main verb of the second clause.,biology/zoology (reptiles),2,3,2,False,
Practice Test D,2,Structure,CLAUSE_STRUCTURE,main clause (subject + finite verb) identification following causal adverbial clause,causal_adverbial_clause_because;superlative_noun_phrase_with_infinitive_modifier,17,2,A,"Only this option supplies a genuine subject ('drawing') plus finite verb ('was'), forming the main clause required after the introductory 'Because' clause.",True,,,False,missing_required_element,"Places an infinitive phrase in subject position and omits the article/superlative needed before the following noun, leaving 'was probably art form' incomplete.",False,fragment,"Supplies no finite verb at all, so the sentence never receives the main predicate it needs after the introductory clause.",False,fragment,"Also lacks any finite verb, stacking a bare noun ('draw') directly before 'art form' with nothing to license the clause.",linguistics/communication and art,3,3,3,False,
Practice Test D,3,Structure,CONNECTORS_CONJUNCTIONS,temporal adverbial connector ('since then') vs. preposition/appositive marker,passive_voice;coordinating_conjunction_and,24,2,C,"The adverbial phrase correctly links the following independent clause to the earlier time reference, expressing 'from that point until now'.",False,incorrect_subordinator,"Turns the second clause into a subordinate one, so the coordination required by 'and' between two independent clauses is lost.",False,wrong_complementation,"This is a preposition requiring a noun-phrase object, not the finite clause that follows it here.",True,,,False,incorrect_subordinator,This appositive/clarifying marker does not logically connect the time reference to the following clause and produces an ungrammatical sequence before the subject.,astronomy,2,3,3,False,
Practice Test D,4,Structure,CLAUSE_STRUCTURE,subject-verb agreement across intervening relative clause,restrictive_relative_clause_on_subject;article_usage,21,2,C,"The singular, correctly articled subject agrees with the singular verb 'is' that follows the intervening relative clause.",False,agreement_error,"The plural, article-less subject disagrees with the singular verb 'is' later in the sentence.",False,fragment,"Adding the subordinator converts the entire clause into a subordinate clause, leaving no independent main clause.",True,,,False,missing_required_element,A prepositional phrase cannot serve as the subject that 'is jumping' requires.,psychology/business (problem solving),3,3,3,False,
Practice Test D,5,Structure,RELATIVE_CLAUSES,restrictive relative clause with correct relative pronoun (who) referring to human antecedent,embedded_noun_clause_as_object_of_preposition;human_antecedent,18,3,C,The subject relative pronoun for human antecedents correctly introduces the relative clause and supplies the subject for 'settled'.,False,incorrect_relative_marker,The object-of-preposition form leaves the following verb 'settled' without a subject.,False,incorrect_relative_marker,"This marker is used for non-human antecedents and, like (A), leaves 'settled' without a subject.",True,,,False,incorrect_relative_marker,"This relative pronoun is reserved for non-human antecedents, but 'the Pilgrims' is a human antecedent.",US history/anthropology,3,3,2,False,
Practice Test D,6,Structure,WORD_ORDER_MODIFICATION,appositive noun phrase placement and internal word order,non_restrictive_appositive;article_usage,20,1,D,"The bare article correctly introduces a non-restrictive appositive renaming 'Ross Macdonald', with no verb needed since the sentence's actual predicate is 'feature' later on.",False,extraneous_element,"Inserts an unlicensed finite verb into the appositive slot, producing an extra, ungrammatical predicate before the sentence's real verb.",False,extraneous_element,"Also inserts an unlicensed finite verb, and pairs it with the wrong article form for a consonant-initial noun.",False,extraneous_element,"Adds a pronoun subject, verb, and preposition that are not licensed in this appositive position.",True,,,literature/mystery fiction,2,3,2,False,
Practice Test D,7,Structure,CLAUSE_STRUCTURE,main clause (subject + finite verb) identification following appositive-modified subject,infinitive_modifying_ordinal_noun;appositive_phrase;passive_voice,20,1,B,This option supplies the appositive renaming the subject together with the finite passive verb 'was completed' that the sentence needs as its main predicate.,False,fragment,"'completed in 1885' functions only as a participial modifier here, not a finite verb, leaving the sentence without an independent predicate.",True,,,False,fragment,"Adding the subordinator turns the remainder into a subordinate clause, leaving no independent main clause for the sentence.",False,missing_required_element,"Omits the finite verb entirely, so the sentence has no predicate at all after the appositive.",architecture/US history,3,3,3,False,
Practice Test D,8,Structure,NONFINITE_VERB_PHRASES,reduced active relative clause (present participial phrase modifying noun),reduced_from_relative_clause;active_voice,18,1,C,"The present participle correctly reduces a relative clause ('that begins with...') into a non-finite modifier describing 'metamorphosis', since the sentence's only finite verb is already 'undergoes'.",False,wrong_verb_form,The bare verb form cannot follow the noun directly without a subject or connector.,False,wrong_verb_form,"A finite past-tense verb appears with no conjunction linking it to 'undergoes', producing an unconnected second predicate.",True,,,False,wrong_voice,The passive finite form again creates an unconnected second predicate and reverses the expected active description of the metamorphosis.,biology/zoology (amphibian development),2,3,3,False,
Practice Test D,9,Structure,RELATIVE_CLAUSES,non-restrictive relative clause with possessive relative pronoun (whose + noun) as clause subject,non_restrictive_relative_clause;possessive_relative_pronoun,21,2,D,The possessive relative pronoun plus noun correctly forms the subject of the non-restrictive relative clause's verb 'combined'.,False,extraneous_element,"Introduces an expletive subject with no relative pronoun linking it back to 'Mahalia Jackson', fusing an unlicensed clause onto the sentence.",False,incorrect_relative_marker,"Uses the non-human relative determiner with a noun ('songs') that was never introduced, so it cannot refer back to Jackson.",False,missing_required_element,"The relative pronoun's own verb 'sang' uses up the clause's verb slot, leaving 'combined' with no subject or connector.",True,,,music/gospel biography,3,4,3,False,
Practice Test D,10,Structure,CONNECTORS_CONJUNCTIONS,exemplification connector ('such...as') introducing examples,exemplification;coordinating_conjunction_but,24,2,C,"'such materials as' correctly introduces the following list of examples (wood, glass, or plastic).",False,incorrect_subordinator,"'such...that' introduces a result clause, not a list of examples, so it does not fit what follows.",False,wrong_word_order,"Reorders 'such' after the noun, producing the fixed phrase 'as such' rather than the exemplifying construction needed here.",True,,,False,missing_required_element,"Omits 'as', the word required to introduce the following example list.",manufacturing/materials science,2,4,3,False,
Practice Test D,11,Structure,REFERENCE_AND_DETERMINERS,article selection (indefinite article introducing singular countable subject),fronted_locative_adverbial,13,1,B,The indefinite article correctly introduces the singular countable subject 'much fainter secondary rainbow'.,False,missing_required_element,This degree adverb cannot license the bare singular subject; the required article is absent.,True,,,False,fragment,"As a subordinator, this word turns the only available clause into a subordinate clause, leaving the sentence without an independent main clause.",False,missing_required_element,This adverb cannot function as the article the singular subject requires.,physics/optics (rainbows),2,2,2,False,
Practice Test D,12,Structure,NOUN_CLAUSES,that-clause as object complement (persuade + object + that-clause),restrictive_relative_clause_on_subject;infinitive_purpose_clause,25,3,A,"The that-clause correctly completes the 'persuade + object + that-clause' pattern, stating the content readers are to be persuaded of.",True,,,False,wrong_complementation,"The 'for...to' infinitive construction is not licensed as the complement of 'persuading...readers', which requires a that-clause.",False,wrong_word_order,"A bare infinitive complement is not licensed here, and it also reverses the expected noun-adjective order ('important poetry' vs. 'poetry is important').",False,missing_required_element,"Stacks a second noun phrase directly after 'readers' with no connector, producing an unlicensed double object.",literature/education (poetry readership),3,3,3,False,
Practice Test D,13,Structure,CLAUSE_STRUCTURE,main clause (subject + finite verb) identification following introductory participial phrase,nonfinite_participial_phrase_opening;logical_subject_agreement_with_participle,23,1,B,"This option supplies the logical subject of the introductory participial phrase ('following the guidelines') together with a finite verb, correctly forming the main clause.",False,missing_required_element,"Opens with the coordinating conjunction 'and' with no prior clause to coordinate with, and supplies no subject for the verb 'avoid'.",True,,,False,wrong_word_order,"Uses interrogative subject-auxiliary inversion, which is not permitted in this declarative main-clause position.",False,missing_required_element,"The verb phrase appears with no subject preceding it, leaving the clause without a grammatical subject.",organizational governance/parliamentary procedure,3,3,4,False,
Practice Test D,14,Structure,NONFINITE_VERB_PHRASES,reduced non-restrictive relative clause with adverb + passive participle ('so called'),reduced_from_relative_clause;passive_voice;causal_adverbial_clause_because,14,2,D,'so called' correctly reduces a non-restrictive relative clause ('which is so called') into a passive participial phrase describing the preceding subject.,False,double_subject,"Combines the relative pronoun with a redundant subject pronoun before 'called', duplicating the subject slot.",False,extraneous_element,"Adds a full finite subject and verb, fusing an unlicensed second independent clause onto the first with only a comma.",False,incorrect_subordinator,"A contrastive coordinator is used where none is licensed, and no subject is present for 'called' to attach to.",True,,,chemistry/dyes,3,3,4,False,
Practice Test D,15,Structure,WORD_ORDER_MODIFICATION,adjective order within a noun phrase (coordinate adjectives + head noun),restrictive_relative_clause_on_object;participial_phrase_modifier,25,2,D,"The adjective-noun sequence correctly completes 'a powerful, expressive style', supplying the head noun 'style' that the following relative clause modifies.",False,missing_required_element,"Supplies only an adverb-adjective pair with no head noun, leaving the relative clause with nothing to modify.",False,wrong_word_order,"Reverses the required adjective-noun order and adds a redundant second article after 'a powerful,'.",False,missing_required_element,"Again supplies only an adverb-adjective pair, lacking the head noun needed to complete the phrase.",True,,,dance/performing arts biography,3,4,3,False,
Practice Test E,1,Structure,NOUN_CLAUSES,embedded wh-clause ('where') as subject complement,copular_sentence;no_inversion_in_embedded_clause,13,2,A,The wh-word introduces a noun clause with normal (uninverted) subject-verb order that serves as the subject complement of the linking verb 'is'.,True,,,False,extraneous_element,"Inserts a redundant pronoun 'it' before the wh-word, which has no grammatical role and duplicates the subject slot of the embedded clause.",False,wrong_word_order,"Applies subject-auxiliary inversion ('where is') inside the embedded clause, which is not permitted in a noun clause functioning as a complement.",False,extraneous_element,"Stacks a relative pronoun and linking verb ('which is') in front of the wh-word, producing a doubly marked, ungrammatical complement.",literature/poet biography,2,3,2,False,
Practice Test E,2,Structure,NONFINITE_VERB_PHRASES,infinitive complement after inchoative verb 'begin',adverbial_clause_of_time_or_cause;gerund_object_of_preposition,18,2,D,"The to-infinitive correctly completes the verb 'beginning', which licenses either a gerund or an infinitive complement.",False,wrong_complementation,"Substitutes a noun phrase plus a dangling relative marker 'that' with no following clause, which the verb 'beginning' cannot take as its complement.",False,extraneous_element,"Inserts a redundant object pronoun 'it' before the gerund, which is not licensed after 'beginning' in this pattern.",False,wrong_verb_form,"Uses the bare base form of the verb, which cannot follow 'beginning' without 'to' or an '-ing' ending.",True,,,business/marketing,2,3,2,False,
Practice Test E,3,Structure,COMPARATIVES_DEGREE,comparative adjective + infinitive complement + than-comparison ('more likely to be...than'),passive_infinitive;reason_clause_with_because,21,2,A,"The comparative form correctly precedes the passive infinitive and is followed by 'than', properly introducing the comparison target.",True,,,False,wrong_word_order,"Rearranges the comparative words so that 'more than' splits the infinitive phrase, leaving no 'than' available to introduce the comparison target.",False,missing_required_element,"Uses the fixed idiom 'more than likely', which absorbs 'than' internally and leaves no connector to link the following comparison target.",False,wrong_word_order,Scrambles the comparative and infinitive elements into an order that cannot attach grammatically to the following comparison target.,anatomy/health science,3,4,4,False,
Practice Test E,4,Structure,RELATIVE_CLAUSES,restrictive relative clause with relative pronoun + linking verb ('that is'),predicate_adjective_complement,19,2,B,The relative pronoun plus linking verb correctly introduces a restrictive relative clause modifying the preceding noun phrase.,False,missing_required_element,"Omits the relative pronoun, leaving a second finite verb with no connector to the first, producing a run-on.",True,,,False,double_subject,"Adds a redundant pronoun 'it' after the relative pronoun 'that', duplicating the subject of the relative clause.",False,extraneous_element,"Inserts an extra finite verb 'is' before a second, redundant relative marker, duplicating the predication.",botany,2,3,2,False,
Practice Test E,5,Structure,CLAUSE_STRUCTURE,main clause (subject + finite verb) identification amid intervening participial phrase,participial_phrase_including,14,1,A,Only this option supplies the finite verb needed to complete the sentence's independent clause after the intervening 'including' phrase.,True,,,False,fragment,"The relative pronoun 'which' subordinates the verb into a relative clause, leaving the sentence without an independent main verb.",False,fragment,The '-ing' form 'having' is non-finite and cannot serve as the sentence's main predicate.,False,double_subject,"Adds a redundant pronoun subject that duplicates the sentence's actual subject, 'Many gases'.",chemistry/atmospheric science,2,3,2,False,
Practice Test E,6,Structure,RELATIVE_CLAUSES,non-restrictive relative clause (parenthetical) with passive verb ('which was founded in'),passive_voice;parenthetical_insertion,18,2,C,The relative pronoun plus passive verb and preposition correctly form a non-restrictive relative clause set off by commas within the subject noun phrase.,False,incorrect_relative_marker,"Uses the time subordinator 'when' with a redundant pronoun 'it' to modify an organization, which is not a valid relative marker for this antecedent, and also omits the preposition before the date.",False,missing_required_element,"Omits the relative pronoun entirely, leaving the parenthetical verb with no subject connecting it to the preceding noun phrase.",True,,,False,missing_required_element,"Omits the relative pronoun 'which', leaving the parenthetical passive verb without a subject.",literary organizations/arts,3,3,3,False,
Practice Test E,7,Structure,EXISTENTIAL_EXPLETIVE,expletive 'there + be' construction (past tense) vs. pronoun/determiner/inverted auxiliary,relative_clause_on_predicate_noun;participial_phrase_of_result,24,2,C,"The expletive 'there were' correctly introduces the existence of the following plural noun phrase, 'portions of the Earth'.",False,fragment,A bare article with no verb cannot complete the sentence's main predicate after the fronted time adverbial.,False,incorrect_reference,The pronoun 'it' has no clear antecedent and also fails to agree with the following plural noun phrase 'portions'.,True,,,False,wrong_word_order,Applies question-style subject-auxiliary inversion ('have there been') in a declarative statement where it is not licensed.,earth science/paleoclimatology,3,3,3,False,
Practice Test E,8,Structure,VERB_COMPLEMENTATION,object complement after causative verb (make + O + NP),relative_clause_in_which;possessive_determiner,27,2,B,"A possessive determiner plus noun correctly forms the object complement required after the causative verb 'makes', without an extra verb.",False,extraneous_element,"Inserts an extra finite verb 'are' after the causative verb's object, producing an ungrammatical double predicate.",True,,,False,extraneous_element,"Inserts an extra finite verb 'are' and drops the possessive determiner, again creating a double predicate after the causative verb.",False,extraneous_element,"Repeats a relative pronoun already supplied by 'in which' earlier in the clause, duplicating the clause's connector.",photography/visual arts,3,3,3,False,
Practice Test E,9,Structure,COMPARATIVES_DEGREE,"correlative comparative construction ('the + comparative..., the + comparative...') with verb-subject inversion",inversion_after_fronted_comparative;embedded_that_clause,20,2,B,The comparative form 'the greater' correctly parallels the comparative in the first half of the correlative construction ('the greater the distance...').,False,wrong_degree_form,Uses the superlative degree instead of the comparative required to parallel 'the greater' in the first half of the correlative structure.,True,,,False,wrong_complementation,"The comparative-plus-'than' form requires a following noun phrase as its comparison object, not the finite verb 'is' that follows here.",False,wrong_complementation,The 'as...as' construction likewise requires a noun phrase object rather than the finite verb that follows in this slot.,astronomy/physics,4,3,4,False,
Practice Test E,10,Structure,RELATIVE_CLAUSES,non-restrictive relative clause with linking verb ('which is the source of'),reduced_passive_participle_composed_of,27,2,A,The relative pronoun plus linking verb correctly opens a non-restrictive relative clause identifying the preceding noun phrase as the source of the taste.,True,,,False,wrong_word_order,"Reverses the required order of subject and verb within the clause ('the source is' instead of 'is the source'), and pairs it with a subordinator, 'that', that does not open non-restrictive clauses.",False,missing_required_element,"Omits the relative pronoun and linking verb, leaving an ambiguous bare noun phrase rather than the intended relative clause.",False,wrong_word_order,"Scrambles the preposition, article, and verb into an order that cannot attach grammatically to the preceding noun phrase.",botany/food science,3,3,3,False,
Practice Test E,11,Structure,CLAUSE_STRUCTURE,main clause (subject + finite verb) identification after fronted appositive phrase,appositive_phrase;biographical_present_tense,23,1,B,The proper noun plus finite present-tense verb correctly supplies the main subject and predicate following the fronted appositive phrase.,False,extraneous_element,"Adds the coordinating conjunction 'and' as though joining two independent clauses, but no prior independent clause exists for it to coordinate with.",True,,,False,fragment,"The subordinator 'because' turns the clause into a subordinate clause, leaving the sentence without an independent main clause.",False,fragment,The infinitive 'to people' is non-finite and cannot serve as the sentence's main predicate.,literature/author biography,3,3,3,False,
Practice Test E,12,Structure,NONFINITE_VERB_PHRASES,"past participle phrase of comparison, reduced from passive relative clause ('compared with')",reduced_from_relative_clause;contact_relative_clauses,25,3,B,The past participle correctly forms a reduced passive modifier expressing that the contained amount is compared with the potential amount.,False,wrong_verb_form,The infinitive wrongly suggests purpose ('in order to compare') rather than describing the amount as being compared.,True,,,False,wrong_voice,"The active present participle implies the amount itself performs the comparing, reversing the intended passive relationship.",False,extraneous_element,"Adds a second bare finite verb with no coordinating conjunction, producing a run-on alongside the clause's existing finite verb.",earth science/meteorology,4,3,3,False,
Practice Test E,13,Structure,NOUN_CLAUSES,free relative (nominal) clause with 'what' as object of coordinated verb,relative_clause_on_land_bridge;coordination_of_two_objects,27,4,D,"The free relative clause 'what is now Alaska' correctly functions as a noun phrase naming the region, coordinated with 'Siberia' as the second object of the verb.",False,wrong_complementation,"Supplies a full finite clause where the coordinated verb requires a noun phrase object, so the sentence lacks a valid second object.",False,wrong_word_order,Reorders subject and predicate so that the phrase can no longer function as a noun phrase object of the coordinated verb.,False,missing_required_element,"Omits the wh-word needed to form a free relative clause, leaving the verb with no subject.",True,,,anthropology/US history,4,3,4,False,
Practice Test E,14,Structure,ADVERBIAL_CLAUSES,conditional clause with 'be to' construction expressing purpose/necessity ('if they are to be'),passive_infinitive;modal_necessity_be_to,24,2,D,The conditional subordinator plus 'be to' construction correctly expresses the purpose condition under which the fibers must be spun.,False,wrong_word_order,"Applies subject-auxiliary inversion after 'as', which is not licensed in this context and produces an ungrammatical clause.",False,missing_required_element,"Combines the finite subordinator 'when' with a bare infinitive, leaving the clause without a subject.",False,incorrect_subordinator,The subordinator 'that' does not license the following clause in this position and does not express the intended conditional/purpose relationship.,True,,,textiles/materials science,3,3,3,False,
Practice Test E,15,Structure,COMPARATIVES_DEGREE,superlative within partitive construction ('one of the' + superlative + plural noun),reduced_causal_phrase_because_of,18,1,B,The partitive phrase 'one of the' correctly precedes the superlative adjective and plural noun to express membership in the top group.,False,missing_required_element,"The embedded wh-clause lacks a verb, leaving the noun phrase without a valid predicate inside the clause.",True,,,False,wrong_complementation,The linking verb 'became' cannot take the interrogative/relative word 'who' as its complement in this position.,False,missing_required_element,"The relative clause introduced by 'that' lacks a verb, leaving it incomplete.",US colonial history/biography,2,3,2,False,
Practice Test F,1,Structure,WORD_ORDER_MODIFICATION,noun phrase internal word order (of-genitive complement of preposition),parallel_structure_in_list;prepositional_object_np,25,1,B,"Only this option orders the head noun before its 'of' complement, forming 'the structure of each play' as a grammatical object of the preposition 'to'.",False,wrong_word_order,"Fronts the 'of' phrase before the head noun, reversing the required noun + of-complement order.",True,,,False,wrong_word_order,Scrambles noun and determiner order and leaves the preposition 'of' without a following object.,False,wrong_word_order,"Places the determiner-noun sequence before the head noun it should follow, and strands 'of' without an object.",theater/performing arts biography,2,4,3,False,
Practice Test F,2,Structure,VERB_FORM_VOICE,active vs. passive voice in main clause ('is composed of'),relative_clause_on_object;idiomatic_be_composed_of,22,2,C,"The passive form correctly fills the sentence's single main-verb slot, matching the idiom 'is composed of'.",False,double_subject,Adds a redundant pronoun subject after the full subject noun phrase has already been stated.,False,fragment,A bare infinitive cannot serve as the sentence's required finite main verb.,True,,,False,wrong_voice,Uses active voice with a redundant object pronoun where the passive 'composed of' pattern is required.,physics/optics,3,3,3,False,
Practice Test F,3,Structure,CLAUSE_STRUCTURE,"main clause (subject + finite verb) identification, with that-clause object",that_clause_as_object;appositive_phrase,12,2,A,Only this option supplies a finite transitive verb that can head the sentence and take the following 'that' clause as its object.,True,,,False,fragment,The gerund form leaves the sentence without a finite main verb.,False,wrong_complementation,The phrasal verb 'believe in' does not license a directly following bare 'that' clause.,False,fragment,A possessive noun phrase cannot supply the finite verb the sentence needs.,paleontology/prehistoric life,2,3,2,False,
Practice Test F,4,Structure,CLAUSE_STRUCTURE,main clause supplied via it-cleft ('It was X that...') vs. fragment,it_cleft_construction;relative_clause_on_predicate_nominative;parallel_coordinate_verb,26,2,B,"The cleft 'It was...' supplies the sentence's only finite main verb, letting the following 'that' clause function as a relative clause rather than leaving the sentence a bare noun phrase.",False,fragment,A noun phrase followed by its relative clause has no finite main verb of its own.,True,,,False,incorrect_subordinator,"Adding 'When' turns the noun phrase into a subordinate clause, so the sentence still lacks an independent main clause.",False,fragment,Reordering the noun phrase still leaves it without a finite verb of its own.,art history/American painting,4,3,4,False,
Practice Test F,5,Structure,RELATIVE_CLAUSES,non-restrictive relative clause referring to the preceding clause (sentential 'which'),sentential_relative_clause,22,2,C,The relative pronoun 'which' both supplies the subject and connects the added clause back to the whole idea expressed in the main clause.,False,missing_required_element,"Omits the relative pronoun needed to connect a second verb to the main clause, producing a run-on.",False,double_subject,"Inserts a new subject pronoun with no connector, effectively restating the referent that 'which' should express.",True,,,False,extraneous_element,"Adds a redundant object pronoun referring back to the subject, still without the required connector.",US history/social studies,3,3,3,False,
Practice Test F,6,Structure,VERB_COMPLEMENTATION,predicate nominative after linking verb (be + superlative adjective + noun modifier + head noun),reduced_relative_clause_modifying_predicate_nominative;superlative_construction,16,1,A,"The superlative adjective, noun modifier, and head noun are ordered correctly to form the predicate nominative after 'is the'.",True,,,False,missing_required_element,Leaves the adjective 'scientific' with no following head noun to modify.,False,extraneous_element,Adds an unnecessary relative clause and still leaves 'scientific' without a head noun.,False,incorrect_part_of_speech,Adds 'and' and substitutes a participle for the required noun after the superlative adjective.,government/science awards,2,4,3,False,
Practice Test F,7,Structure,CONNECTORS_CONJUNCTIONS,exemplification connector ('such as') vs. subordinator confusion,gerund_phrase_with_prepositional_object,18,1,D,'such as' correctly introduces examples of the preceding noun without requiring a following clause.,False,incorrect_subordinator,"'if' requires its own clause with a verb, which is absent, and does not fit the intended exemplifying meaning.",False,incorrect_relative_marker,"Misuses 'that' as a relative pronoun, disrupting the verb slot needed later in the phrase.",False,incorrect_subordinator,'how' cannot introduce a bare noun phrase and leaves the intended clause without a verb.,True,,,archaeology/prehistoric technology,2,3,2,False,
Practice Test F,8,Structure,WORD_ORDER_MODIFICATION,appositive noun phrase defining preceding noun ('the transmission of'),appositive_phrase,22,1,A,The article-plus-noun phrase functions as an appositive that renames and defines the preceding noun.,True,,,False,extraneous_element,"Inserts a finite verb, creating a second, conflicting predicate before the sentence's actual main verb.",False,missing_required_element,Omits the article and the 'of' needed to complete the appositive noun phrase.,False,incorrect_part_of_speech,Uses the bare gerund without the preposition needed to link it to the following noun.,media history/technology,3,3,3,False,
Practice Test F,9,Structure,VERB_COMPLEMENTATION,direct object noun phrase after ditransitive verb ('give' + indirect object + direct object),correlative_conjunction_both_and;participial_phrase_of_result,16,1,A,A noun phrase correctly fills the required direct-object slot after the indirect object 'computers'.,True,,,False,extraneous_element,Tacks on an unconnected finite verb 'is' where a single noun-phrase object is required.,False,extraneous_element,Tacks on an unconnected finite verb phrase 'are capable' where a single noun-phrase object is required.,False,incorrect_part_of_speech,Uses a bare adjective where the ditransitive verb requires a noun-phrase direct object.,technology/computers,3,3,3,False,
Practice Test F,10,Structure,NONFINITE_VERB_PHRASES,gerund phrase as clause subject,subject_verb_agreement_with_gerund_subject,25,2,B,"The gerund phrase correctly functions as a singular subject, agreeing with the following singular verb 'was'.",False,incorrect_part_of_speech,A noun-noun compound is used where the gerund naming the activity is needed as subject.,True,,,False,wrong_verb_form,The bare verb form cannot function as a subject.,False,agreement_error,The plural head noun disagrees with the following singular verb 'was'.,music history/biography,3,3,3,False,
Practice Test F,11,Structure,NOUN_CLAUSES,free relative clause ('what is now X') as object of a preposition,nonrestrictive_relative_clause_on_subject,27,3,B,The free relative headed by 'what' correctly nominalizes the clause so it can serve as the object of the preposition 'in'.,False,wrong_word_order,Scrambles the wh-word and verb order needed to head the embedded clause.,True,,,False,missing_required_element,Substitutes a plain pronoun for the wh-word needed to nominalize the clause as the object of 'in'.,False,wrong_word_order,Scrambles the demonstrative and verb order needed to head the embedded clause.,history/Pacific geography,4,3,4,False,
Practice Test F,12,Structure,VERB_COMPLEMENTATION,noun phrase direct object after transitive verb ('exhibits' + adjective-noun combination),parallel_prepositional_phrases_with_both_and,18,1,D,The adjective-plus-noun combination correctly forms the noun-phrase direct object required after the transitive verb 'exhibits'.,False,extraneous_element,The inserted 'and' breaks the adjective-noun combination into disconnected pieces.,False,incorrect_part_of_speech,An adverb-plus-adjective combination cannot serve as the required noun-phrase object.,False,incorrect_part_of_speech,"An adverb-plus-adjective combination forms a predicate-adjective-like phrase, not the noun object the verb requires.",True,,,zoology/marine biology,2,4,3,False,
Practice Test F,13,Structure,PARALLEL_STRUCTURE,correlative conjunction 'both...and' parallelism with parallel prepositional gerund phrases,gerund_phrase_object_of_preposition,11,1,C,"Both conjuncts of 'both...and' repeat the same 'by' + gerund pattern, keeping the two elements grammatically parallel.",False,missing_required_element,"Omits 'by' before the first gerund and shifts the second conjunct to a passive gerund with a different implied subject, breaking parallelism.",False,extraneous_element,"Adds a redundant 'and' immediately after 'both', disrupting the correlative pattern.",True,,,False,wrong_verb_form,Uses finite verb forms where non-finite parallel phrases matching 'by' + gerund are required.,medicine/microbiology,2,4,3,False,
Practice Test F,14,Structure,INVERSION,subject-auxiliary inversion (do-support) after fronted negative time adverbial ('Not until...'),do_support_auxiliary,20,1,B,"The fronted negative time adverbial triggers do-support inversion, which this option correctly supplies before the subject.",False,missing_required_element,Omits the inverted auxiliary 'did' that the fronted negative adverbial requires.,True,,,False,wrong_word_order,Reorders noun and adjective and still lacks the required inverted auxiliary.,False,incorrect_subordinator,"Adding 'when' turns the clause into a subordinate clause, preventing the required main-clause inversion.",history/historic preservation,3,3,4,False,
Practice Test F,15,Structure,COMPARATIVES_DEGREE,so + adjective + that-clause result construction (postpositive adjective phrase modifying noun),result_clause_with_that;appositive_phrase,25,3,C,The postpositive 'so soft' correctly modifies the preceding noun and licenses the following 'that' result clause.,False,extraneous_element,Inserts an unwanted finite verb 'is' where a noun phrase completing the appositive is required.,False,wrong_word_order,Inverts the verb and subject where a plain adjective phrase modifying the noun is required.,True,,,False,wrong_word_order,Reverses the adjective phrase and the noun it should follow.,chemistry/materials science,4,3,3,False,
